HUC12,VALUE_0,VALUE_1
031101010504,21840000.0,0.0
031101010503,103200000.0,0.0
031102050804,63520000.0,5480000.0
031102050805,24320000.0,16120000.0
031101020903,69400000.0,600000.0
031102050803,61480000.0,25400000.0
031102050802,111160000.0,2840000.0
031102050704,100560000.0,21040000.0
031101020906,102000000.0,0.0
031300110704,131320000.0,0.0
031101020905,107440000.0,0.0
031102050703,61720000.0,2120000.0
031300110706,32600000.0,17160000.0
031101020904,60600000.0,0.0
031102050702,77520000.0,0.0
031101020804,39000000.0,0.0
031101010201,126640000.0,0.0
031300110703,66000000.0,0.0
031300110705,30560000.0,15880000.0
031300110804,2920000.0,54920000.0
031300130504,1200000.0,77520000.0
031101020902,132480000.0,0.0
031102050701,119600000.0,37720000.0
031101020805,50120000.0,0.0
031300110702,32400000.0,13680000.0
031101020901,104720000.0,0.0
031101020506,38720000.0,0.0
031300130305,7400000.0,72120000.0
031102050604,128040000.0,4800000.0
031401010704,160120000.0,0.0
031300130402,19800000.0,11800000.0
031300130503,2120000.0,69080000.0
031300130502,0.0,67960000.0
031101020802,71800000.0,0.0
031101020803,87880000.0,0.0
031102050603,125280000.0,26600000.0
031300110701,92720000.0,10600000.0
031300130403,37840000.0,0.0
031300130304,0.0,94920000.0
031101020605,97640000.0,0.0
031300110803,0.0,67200000.0
031102050602,60600000.0,360000.0
031101020505,64120000.0,0.0
031401010702,83000000.0,0.0
031200031203,16720000.0,44040000.0
031300130501,0.0,51320000.0
031300130401,0.0,62720000.0
031300110802,0.0,74400000.0
031200031204,30960000.0,28240000.0
031101020503,57880000.0,0.0
031102060701,71720000.0,0.0
031300130303,0.0,77680000.0
031102050601,78560000.0,17200000.0
031300130302,0.0,27920000.0
031401010703,149480000.0,2680000.0
031102060703,36800000.0,1800000.0
031300130203,0.0,32400000.0
031300120606,17880000.0,27920000.0
030801021101,60560000.0,0.0
031200031202,0.0,52440000.0
031102050504,85960000.0,44440000.0
031102050503,34720000.0,1360000.0
031101020703,65960000.0,0.0
031101020504,79040000.0,0.0
031300110605,0.0,20960000.0
031101020801,96280000.0,0.0
031102050501,45920000.0,2040000.0
031102060302,82160000.0,2440000.0
031300110801,0.0,72400000.0
031102060505,69800000.0,16800000.0
031102060504,79160000.0,31760000.0
031200031201,0.0,40920000.0
031101020501,100360000.0,0.0
031200030903,0.0,49560000.0
031300130202,0.0,36440000.0
031300130301,0.0,21840000.0
031200010903,1600000.0,29240000.0
031101020403,35280000.0,0.0
031300110604,0.0,65920000.0
031102050502,46600000.0,34680000.0
031200031101,0.0,50320000.0
031300130201,0.0,25520000.0
031200031102,0.0,57480000.0
031300120605,10520000.0,38120000.0
031101020701,69400000.0,0.0
031102060506,35720000.0,42480000.0
031102060704,58200000.0,71600000.0
030801030601,97880000.0,0.0
031101020602,84960000.0,0.0
031101020604,138360000.0,0.0
031101020603,90240000.0,0.0
031102060503,42800000.0,26520000.0
031200010902,10480000.0,17840000.0
031300120604,96480000.0,4560000.0
031102060101,73920000.0,55160000.0
031101020502,131160000.0,0.0
031401010701,77880000.0,0.0
031200031003,0.0,22840000.0
030801030502,47760000.0,45760000.0
031401010503,71200000.0,0.0
031300110603,0.0,63640000.0
031102060104,33800000.0,44560000.0
030801030603,130560000.0,0.0
031102050406,69600000.0,3080000.0
031200010901,37280000.0,27760000.0
031300130102,0.0,22680000.0
031101020402,63480000.0,0.0
031300130103,0.0,37360000.0
031200011102,11640000.0,20560000.0
031102050407,46800000.0,15360000.0
031200030902,0.0,70080000.0
031102060405,41920000.0,44480000.0
031101020405,49640000.0,0.0
031101020601,93920000.0,0.0
031101020203,107600000.0,0.0
031200010803,0.0,43760000.0
031102060103,79880000.0,12680000.0
030801030901,58760000.0,36080000.0
031102060102,40200000.0,31200000.0
031200030901,0.0,62400000.0
031102060606,140800000.0,2840000.0
031102060208,49000000.0,19960000.0
031200010703,7120000.0,33360000.0
031102050203,58280000.0,14800000.0
030801030902,110520000.0,0.0
031102050405,92440000.0,58800000.0
031101020404,35800000.0,0.0
031200031002,0.0,75640000.0
031102060605,95720000.0,0.0
031200030705,0.0,44640000.0
031300110601,0.0,42960000.0
030801030804,179880000.0,0.0
031300120602,105520000.0,6400000.0
031200011003,40400000.0,9080000.0
031300130101,0.0,29440000.0
031102060404,88400000.0,5280000.0
030801030903,26560000.0,88040000.0
031101020303,112600000.0,0.0
031102050305,66360000.0,79720000.0
031300110602,0.0,79040000.0
031200010802,0.0,50320000.0
031401010302,80280000.0,0.0
031101020202,103480000.0,0.0
030801021102,38680000.0,0.0
030801030504,11960000.0,0.0
030801030503,17560000.0,11120000.0
031102060604,54680000.0,0.0
031300120603,480000.0,72480000.0
031102060204,71560000.0,15800000.0
031200011001,91440000.0,1880000.0
031102060403,81000000.0,0.0
031200010702,0.0,30320000.0
031200011002,56400000.0,8760000.0
031102050403,88800000.0,0.0
031102060206,69600000.0,0.0
031200011101,57200000.0,0.0
031300120601,138480000.0,0.0
031101020401,62120000.0,0.0
031101030505,82240000.0,0.0
031101020104,93280000.0,0.0
031101020302,110560000.0,0.0
031102060207,71520000.0,0.0
031300110502,0.0,59120000.0
031200030704,0.0,40000000.0
031102060202,43680000.0,8400000.0
031102050202,103400000.0,32520000.0
031101030504,45720000.0,0.0
031102060603,109840000.0,0.0
030801031102,47400000.0,0.0
031200031001,0.0,70320000.0
031200010704,32400000.0,48160000.0
031200010801,0.0,68360000.0
031200010605,53480000.0,5640000.0
031200030702,0.0,52640000.0
031300110503,0.0,39600000.0
030801030904,75000000.0,32240000.0
031200030805,0.0,95480000.0
031200030701,0.0,54080000.0
030801031001,4440000.0,98960000.0
031102050402,89320000.0,5560000.0
031102060602,69960000.0,0.0
031102050404,107920000.0,0.0
031102050201,42680000.0,29640000.0
031401010301,58400000.0,0.0
031200011103,62520000.0,3320000.0
030801031204,108080000.0,0.0
031102050302,42160000.0,0.0
031200010504,56880000.0,0.0
031101020201,31600000.0,0.0
031102060601,37120000.0,0.0
031102060402,105200000.0,0.0
031101020301,81640000.0,0.0
031300120504,11120000.0,62320000.0
031200030703,0.0,45520000.0
031401010201,49440000.0,0.0
031101020103,131600000.0,0.0
031300110501,1960000.0,51560000.0
030801031103,50280000.0,0.0
031102050401,71200000.0,0.0
031102050304,97120000.0,3720000.0
031102060205,46120000.0,0.0
031300120505,128920000.0,9160000.0
031101030503,72600000.0,0.0
031200030804,0.0,66520000.0
031102050104,73320000.0,5080000.0
031300120503,76400000.0,6400000.0
031200010701,0.0,74840000.0
031200010503,72320000.0,0.0
031200010604,83560000.0,0.0
031102060401,151640000.0,0.0
031102010801,81880000.0,0.0
031200030803,0.0,56320000.0
031200010602,0.0,42520000.0
031200030605,0.0,55080000.0
031101030502,61840000.0,0.0
031200010603,31840000.0,66920000.0
031200030604,0.0,54240000.0
031200030801,0.0,77520000.0
030801031004,64480000.0,0.0
031101020102,93880000.0,0.0
030702040401,97880000.0,0.0
031300110404,120000.0,33040000.0
031101030501,42480000.0,0.0
030702040402,64640000.0,0.0
030801031303,43000000.0,0.0
031102060201,86480000.0,1600000.0
031102050303,153000000.0,1960000.0
031401010102,68080000.0,0.0
031102050103,84920000.0,1400000.0
031102010703,31840000.0,67480000.0
031101030406,63440000.0,0.0
031300110402,0.0,41040000.0
031200030802,0.0,21040000.0
031101030404,38200000.0,0.0
031200010501,38640000.0,0.0
031200010404,37400000.0,0.0
031300110403,48560000.0,28200000.0
030801031101,65000000.0,0.0
031300120502,18480000.0,88760000.0
031200030502,3600000.0,44240000.0
031200010601,54040000.0,16320000.0
031200030303,0.0,22320000.0
030801031002,119560000.0,2720000.0
031101030403,109520000.0,0.0
031102050301,141840000.0,0.0
030801031304,49080000.0,0.0
031401010101,66600000.0,0.0
031200010403,37320000.0,0.0
031102050102,112080000.0,15680000.0
031102050105,116680000.0,22200000.0
031300120501,108880000.0,1040000.0
031200030603,0.0,90080000.0
030801031301,91480000.0,0.0
031200010402,51960000.0,0.0
031101020101,73960000.0,0.0
031200030404,21560000.0,35080000.0
031102050101,75920000.0,10880000.0
031300110401,51840000.0,12920000.0
031101030304,19600000.0,0.0
031200010303,64720000.0,0.0
031102010802,80480000.0,34480000.0
030801031302,88680000.0,0.0
030802010601,88040000.0,0.0
030702040403,62760000.0,0.0
030702040301,53480000.0,36760000.0
031101030405,57080000.0,0.0
031200030602,33280000.0,16960000.0
030702040201,6600000.0,85960000.0
031200030501,51880000.0,6520000.0
030801031003,154480000.0,0.0
031200030302,30240000.0,11080000.0
031300110303,0.0,39400000.0
031102030906,49480000.0,0.0
031102010704,8160000.0,109640000.0
031300120403,37920000.0,0.0
030702040302,13480000.0,28360000.0
031300120408,33000000.0,69360000.0
031101030303,68520000.0,0.0
031101030402,79800000.0,0.0
031200010401,49560000.0,1360000.0
031200030301,71680000.0,2600000.0
031200010302,44400000.0,2480000.0
031300110202,2560000.0,54320000.0
030801031404,35240000.0,0.0
031300110203,0.0,66240000.0
031300110302,65360000.0,13080000.0
031200030403,47840000.0,1160000.0
031102010902,44160000.0,20840000.0
031200030402,35000000.0,0.0
031402030803,95280000.0,0.0
031200030601,43680000.0,360000.0
030801031201,15680000.0,0.0
031402030804,98600000.0,0.0
031102010904,31320000.0,33800000.0
030702040303,41960000.0,0.0
030801031403,61320000.0,0.0
031102030907,144280000.0,0.0
031102010604,33120000.0,9560000.0
030702040501,118960000.0,0.0
031200030401,40600000.0,0.0
031200030104,8240000.0,25360000.0
031101030305,54080000.0,0.0
030702040202,320000.0,75200000.0
031402030802,67000000.0,0.0
030801031402,67040000.0,0.0
031200010301,30640000.0,25480000.0
031300120401,106280000.0,0.0
030801031604,43440000.0,0.0
030801031602,29640000.0,0.0
031300110102,9640000.0,51080000.0
031102010804,50480000.0,18040000.0
030801031401,76200000.0,0.0
031300110201,20200000.0,38480000.0
031102010701,0.0,77280000.0
031300120405,14800000.0,51000000.0
031101030401,38760000.0,3560000.0
031102010702,0.0,111560000.0
031101030205,61480000.0,0.0
030801031405,39880000.0,0.0
031300110301,50040000.0,21000000.0
031300120404,94240000.0,840000.0
031200030106,38600000.0,39400000.0
031200010203,29640000.0,65560000.0
031102030905,52840000.0,0.0
031300120407,72120000.0,3600000.0
031200030207,65720000.0,0.0
031200030208,38240000.0,0.0
031300120402,35880000.0,0.0
031102010606,0.0,105920000.0
031200030105,4280000.0,51320000.0
031102010603,44440000.0,640000.0
030702040105,23720000.0,62320000.0
030702040203,0.0,64600000.0
031101030302,84000000.0,0.0
031102010903,89760000.0,0.0
030702040502,130240000.0,0.0
031102030908,105200000.0,2920000.0
031300110101,55680000.0,54600000.0
030801031503,81440000.0,0.0
031300120406,39240000.0,0.0
031102030904,144640000.0,0.0
031300040805,51840000.0,0.0
031102010905,58840000.0,34520000.0
030801031605,81840000.0,0.0
031101030204,71640000.0,0.0
031200030205,19600000.0,0.0
031200030103,0.0,82440000.0
031200010202,0.0,53960000.0
031102010605,7480000.0,62600000.0
031300120304,16480000.0,49960000.0
031102021202,57720000.0,0.0
031200010201,11600000.0,116160000.0
031102030903,54320000.0,0.0
031200030101,10200000.0,4600000.0
030801031502,86440000.0,0.0
031101030203,26880000.0,38160000.0
031300040806,19080000.0,15440000.0
031300080803,0.0,8760000.0
031200030102,18920000.0,37880000.0
031102010602,95920000.0,33520000.0
030702040503,70520000.0,52160000.0
030801031501,83560000.0,0.0
031200030206,43960000.0,7440000.0
031300120302,98000000.0,3680000.0
030702040104,920000.0,60520000.0
031102010503,0.0,57680000.0
030801031606,31360000.0,0.0
031101030202,64120000.0,1280000.0
031102010601,51920000.0,0.0
031200030203,35120000.0,0.0
031102030902,71080000.0,0.0
031300120305,88920000.0,18840000.0
031101030301,64480000.0,0.0
031300120303,30280000.0,14080000.0
031101030201,240000.0,78120000.0
031102010504,0.0,83000000.0
031101030104,24800000.0,25080000.0
031300040804,93040000.0,0.0
030801031603,44080000.0,0.0
031402030704,115280000.0,0.0
030801031601,93520000.0,0.0
031200010101,0.0,65000000.0
031200020703,3560000.0,21600000.0
031200030202,41280000.0,0.0
031300080802,19440000.0,12760000.0
031300080804,0.0,103320000.0
031300100703,0.0,54680000.0
031300120301,31200000.0,20320000.0
031200010102,680000.0,68480000.0
031102030804,73360000.0,0.0
030702050202,56080000.0,0.0
031102010401,400000.0,43920000.0
030702040601,73960000.0,0.0
031102030803,29240000.0,0.0
031102021201,42560000.0,0.0
031402030702,90920000.0,0.0
031200030204,44600000.0,0.0
030702040101,80000.0,47720000.0
031200020701,1280000.0,41800000.0
031102010505,0.0,34800000.0
030702040103,440000.0,71840000.0
030702040102,40000.0,17360000.0
031102030901,47280000.0,0.0
031102010502,23240000.0,21040000.0
030702050102,91920000.0,0.0
031200030201,45840000.0,0.0
031300040802,85120000.0,0.0
030702050103,33320000.0,0.0
031300120204,70240000.0,9960000.0
031102010402,0.0,49200000.0
031200020803,24640000.0,0.0
031300080801,47280000.0,10960000.0
031101030103,43120000.0,21680000.0
030702040602,53240000.0,80360000.0
031102030703,94680000.0,0.0
031300120105,65960000.0,0.0
031300100702,19040000.0,82920000.0
031101030102,53760000.0,16160000.0
031300040803,105800000.0,18720000.0
031200020504,15760000.0,1120000.0
031200020802,32400000.0,0.0
031300120107,81680000.0,0.0
031200020602,39720000.0,840000.0
031300100803,81240000.0,16880000.0
031300080604,49000000.0,0.0
031102021102,40280000.0,0.0
030702050302,28760000.0,0.0
031402030701,55760000.0,0.0
031200020702,43560000.0,2960000.0
031102030801,86240000.0,0.0
030702050304,31560000.0,0.0
031102030603,67760000.0,0.0
031102030702,94360000.0,0.0
031300080602,40720000.0,0.0
031102010501,26760000.0,0.0
031102030802,30640000.0,0.0
031101030101,46480000.0,0.0
031300120104,36320000.0,0.0
030702050105,93040000.0,0.0
030702050303,40880000.0,0.0
031300080603,89520000.0,0.0
031402030301,99400000.0,0.0
030702040701,0.0,11520000.0
030702050104,51760000.0,0.0
030702040603,38800000.0,69440000.0
031200020601,38960000.0,5320000.0
030702050101,65080000.0,0.0
030702040703,0.0,51200000.0
031102021003,50040000.0,0.0
031300120203,97920000.0,0.0
031300040801,114280000.0,7560000.0
031102021101,46600000.0,0.0
031200020801,48000000.0,0.0
031102030701,67640000.0,0.0
031102010303,31240000.0,440000.0
031300080703,155400000.0,0.0
031300100701,105960000.0,14440000.0
031300100604,18800000.0,0.0
031300120102,55960000.0,0.0
030702050301,80520000.0,0.0
031200020304,41760000.0,0.0
031300100802,69560000.0,0.0
031300120106,51120000.0,0.0
031300040710,33280000.0,1320000.0
031102010305,15920000.0,35080000.0
030702040903,75840000.0,0.0
031300040709,81520000.0,0.0
031102010304,26160000.0,440000.0
030702040904,68240000.0,0.0
031200020502,48840000.0,0.0
031300120103,32640000.0,0.0
031300100602,31000000.0,0.0
031300100603,30400000.0,0.0
030702040803,41800000.0,36760000.0
031300100801,36800000.0,0.0
031102030601,88640000.0,0.0
030702040906,33840000.0,0.0
031200020303,48760000.0,0.0
031102030404,100160000.0,0.0
031300120202,61760000.0,0.0
031300100405,38880000.0,0.0
031300120101,81200000.0,0.0
031102040503,34240000.0,0.0
031200020404,35480000.0,0.0
031102040504,73640000.0,0.0
031200020301,22440000.0,0.0
031102030602,42920000.0,0.0
031102020902,36480000.0,0.0
031102010202,44960000.0,24440000.0
031102030504,97000000.0,0.0
031102021002,79800000.0,0.0
030702040702,0.0,28120000.0
031200020501,54520000.0,0.0
031300100504,62000000.0,0.0
031300100601,41480000.0,0.0
031300080702,119880000.0,0.0
030702040905,36840000.0,12080000.0
031300100505,45840000.0,0.0
031402010602,89760000.0,0.0
031300040703,51200000.0,200000.0
030702040902,77240000.0,0.0
031300100404,27240000.0,0.0
031200020503,62960000.0,0.0
030702040907,16280000.0,27280000.0
031200020302,51520000.0,0.0
031300120201,112520000.0,0.0
031300040708,79800000.0,5560000.0
031200020105,38240000.0,0.0
030702040901,111800000.0,0.0
031300080601,174840000.0,0.0
031102020903,32040000.0,0.0
031300040602,40720000.0,0.0
030702040801,21800000.0,28800000.0
031300040701,69760000.0,0.0
031300040707,26600000.0,10520000.0
031102020901,34400000.0,0.0
031300100503,19280000.0,0.0
031102040501,44880000.0,0.0
031300080701,144040000.0,0.0
031300100501,29560000.0,0.0
031300080504,40560000.0,0.0
031300080506,188960000.0,0.0
031300040702,49400000.0,0.0
030702030401,18120000.0,32240000.0
031102040505,66760000.0,0.0
031102021001,29400000.0,0.0
031102030302,54080000.0,0.0
031102020705,9560000.0,0.0
031300100303,8840000.0,0.0
031200020405,84000000.0,0.0
031402010601,99160000.0,0.0
031300100402,45680000.0,0.0
031102030403,72960000.0,0.0
031200020402,36280000.0,0.0
031102030503,66160000.0,0.0
030702040802,14080000.0,56360000.0
031300100403,47280000.0,0.0
031102030502,91000000.0,0.0
031102010201,51360000.0,0.0
031300100401,31360000.0,0.0
031200020203,49320000.0,0.0
031300080502,51240000.0,0.0
031300040601,59840000.0,0.0
031102010302,90360000.0,0.0
031300040706,28400000.0,0.0
031300040606,69120000.0,0.0
031300100502,26560000.0,0.0
031102040502,48400000.0,0.0
031300080402,93200000.0,0.0
031300100302,32440000.0,0.0
031102040403,37320000.0,0.0
031300100205,28720000.0,0.0
031300040705,43720000.0,0.0
031102020704,27120000.0,0.0
031300040603,93520000.0,0.0
031102020803,30720000.0,0.0
031300080505,62680000.0,0.0
031300091003,57240000.0,0.0
031402010207,40200000.0,0.0
031200020104,80080000.0,0.0
031300040607,64880000.0,0.0
031300100203,33400000.0,0.0
031102030401,48760000.0,0.0
031300040704,34800000.0,0.0
031102030402,57960000.0,0.0
031300100104,42320000.0,0.0
031300040504,42760000.0,0.0
031200020106,42360000.0,0.0
031200020403,66880000.0,0.0
031200020202,31240000.0,0.0
031300091001,98440000.0,0.0
031300080503,42080000.0,0.0
031102040405,42840000.0,0.0
031300040604,45560000.0,0.0
031300040503,44560000.0,0.0
030702030402,720000.0,26600000.0
031200020401,68080000.0,0.0
031300091002,63200000.0,0.0
031102030301,61960000.0,0.0
031402010206,65640000.0,0.0
030702011201,36400000.0,0.0
031300040605,35960000.0,0.0
031102010104,81960000.0,0.0
031300040501,31320000.0,0.0
031300080501,121200000.0,0.0
031102010301,84640000.0,0.0
031402010205,48680000.0,0.0
031102040404,76840000.0,0.0
031300040502,43320000.0,0.0
030702030503,80000.0,3800000.0
031300100103,36080000.0,0.0
031300100204,21920000.0,0.0
031300080401,121920000.0,0.0
030702011105,95000000.0,0.0
031300100202,53360000.0,0.0
031102010102,23640000.0,0.0
031200020103,50400000.0,0.0
031102010103,33040000.0,0.0
031102040402,60120000.0,0.0
031300100301,32680000.0,0.0
031300080202,42040000.0,0.0
031102040307,48400000.0,0.0
031102040401,116640000.0,0.0
031102020802,38640000.0,0.0
031300080204,52840000.0,0.0
031300040402,73000000.0,0.0
031102020703,62200000.0,0.0
031300090603,69920000.0,0.0
030702011202,62040000.0,0.0
031102010105,161600000.0,279960000.0
031300090602,49120000.0,0.0
031300080107,83520000.0,0.0
031300040405,41240000.0,0.0
031300090902,51320000.0,0.0
031402010204,69960000.0,0.0
031102030204,50760000.0,0.0
031300080203,39880000.0,0.0
031102020702,38920000.0,0.0
031102030501,70640000.0,0.0
031300040403,42280000.0,0.0
031102030203,90080000.0,0.0
031300100201,43400000.0,0.0
031300040401,34720000.0,0.0
031102040205,31760000.0,0.0
031300080201,58160000.0,0.0
031200020201,58120000.0,0.0
031102040305,83400000.0,0.0
031102010101,43960000.0,0.0
031300040201,52560000.0,0.0
030702010705,79200000.0,50960000.0
031102030104,91720000.0,0.0
031300080304,99440000.0,0.0
030702030502,2480000.0,0.0
031300090601,51640000.0,0.0
031102040108,33160000.0,0.0
031300040204,81480000.0,0.0
031300080106,82120000.0,0.0
030702010303,73120000.0,0.0
031300080104,45920000.0,0.0
031200020102,51600000.0,0.0
030702010302,72000000.0,0.0
030702011103,87480000.0,11200000.0
030702030302,18040000.0,3400000.0
031300040206,87840000.0,0.0
031102040106,38520000.0,0.0
031300100102,81640000.0,0.0
031102030202,50000000.0,0.0
031102020801,63280000.0,3840000.0
030702010701,26120000.0,0.0
031102040204,46080000.0,0.0
031300040303,48200000.0,0.0
031402010203,50560000.0,0.0
030702030301,69960000.0,0.0
030702011104,104920000.0,0.0
031300080103,45480000.0,0.0
031300090901,62200000.0,0.0
031300040404,81600000.0,0.0
031300090503,58880000.0,0.0
031200020101,50240000.0,0.0
031300040304,64000000.0,0.0
031300100101,30840000.0,0.0
031300080105,47360000.0,0.0
031102020701,49920000.0,0.0
031402010201,75560000.0,0.0
031102040107,36800000.0,0.0
031102040303,43040000.0,0.0
031300040202,55920000.0,0.0
031300040203,71520000.0,0.0
031102030102,41680000.0,0.0
030702010704,99640000.0,0.0
031300040104,95120000.0,0.0
031102040306,49520000.0,0.0
031102030103,49440000.0,5040000.0
030702010304,60760000.0,0.0
031300040302,30520000.0,0.0
031102040203,47920000.0,0.0
031102040304,66400000.0,0.0
030702010205,51480000.0,0.0
030702010204,60720000.0,0.0
030702010301,79520000.0,0.0
030702011101,71720000.0,0.0
030702010703,113320000.0,0.0
031102020403,25320000.0,21920000.0
031300090504,65320000.0,0.0
031300090502,39800000.0,0.0
031102030101,49720000.0,0.0
031300080102,65760000.0,0.0
031402010104,57600000.0,0.0
030702011004,49760000.0,0.0
031300090802,37280000.0,0.0
031102030201,85600000.0,0.0
031300060903,60920000.0,0.0
031300080303,94680000.0,0.0
031102040105,81880000.0,0.0
031300080101,122000000.0,0.0
031102040302,29160000.0,0.0
030702010702,81280000.0,0.0
031300090501,50520000.0,0.0
031300060904,51200000.0,0.0
030702030102,84160000.0,0.0
031300040301,69320000.0,0.0
031300080302,47240000.0,0.0
031300080301,35000000.0,0.0
030702010604,64120000.0,0.0
031102020402,33120000.0,34920000.0
030702030201,48040000.0,56360000.0
030702010503,50600000.0,0.0
031102040301,55280000.0,0.0
031300040103,66720000.0,0.0
031300040102,93240000.0,0.0
031300090405,42000000.0,0.0
031102040202,46160000.0,0.0
030702010104,47360000.0,0.0
030702011102,98160000.0,0.0
031300090404,73960000.0,0.0
031300031600,137480000.0,0.0
031402010103,42560000.0,0.0
031102040201,38600000.0,0.0
031300031312,43360000.0,0.0
030702010504,63000000.0,0.0
031300040101,62560000.0,0.0
030702010904,64440000.0,0.0
031300090304,97760000.0,0.0
031300060905,46000000.0,0.0
031102020305,61640000.0,1280000.0
031102020602,45960000.0,0.0
031102040104,57760000.0,0.0
031300090801,59760000.0,0.0
031300071003,31520000.0,0.0
030702010203,65600000.0,0.0
030702011003,83760000.0,0.0
031102020401,42440000.0,14600000.0
030702020502,81560000.0,0.0
031300031311,55640000.0,0.0
031300090303,55560000.0,0.0
030702020501,43400000.0,0.0
030702010201,50600000.0,0.0
031300060902,88320000.0,0.0
031300060803,35440000.0,0.0
030702010404,33840000.0,0.0
030702010102,28680000.0,0.0
031300060901,69040000.0,0.0
030702030101,106880000.0,0.0
031300070604,75480000.0,0.0
031300090402,53680000.0,0.0
031102040102,30920000.0,0.0
031300031309,37040000.0,0.0
030702010603,31640000.0,0.0
031300090301,51280000.0,0.0
030702010202,43920000.0,0.0
031102040103,63400000.0,0.0
030701060502,25000000.0,21440000.0
031300090403,59880000.0,0.0
031300031507,55640000.0,0.0
031102020603,65160000.0,0.0
031300060801,51480000.0,0.0
031402010302,97760000.0,0.0
031402010101,74800000.0,0.0
031300060804,39480000.0,0.0
030702010501,44760000.0,0.0
031102020303,57920000.0,6720000.0
031300071002,44760000.0,0.0
031300031310,34360000.0,0.0
031300031506,73120000.0,0.0
031102020301,40320000.0,10560000.0
031300031508,84840000.0,0.0
031300090302,32560000.0,0.0
031300070605,87080000.0,0.0
031102020304,64440000.0,0.0
031300060802,41880000.0,0.0
031300031308,67160000.0,0.0
031300090702,38720000.0,0.0
031102020601,50920000.0,0.0
030702020302,68840000.0,0.0
030702010903,65840000.0,0.0
031300090202,83120000.0,0.0
030702020301,57280000.0,0.0
031300060707,34880000.0,0.0
031300090401,60880000.0,0.0
031102020503,75200000.0,0.0
031102040101,63160000.0,0.0
031300090701,64160000.0,0.0
031300031305,66560000.0,0.0
031300070602,47840000.0,0.0
030702011002,82760000.0,0.0
030702010103,55880000.0,0.0
031300070603,47960000.0,0.0
031402020201,68800000.0,0.0
030702010402,54800000.0,0.0
031300060706,42840000.0,0.0
031300031303,50560000.0,0.0
030702010502,38560000.0,0.0
030702010601,78320000.0,0.0
031300031405,59080000.0,0.0
031402020202,47120000.0,0.0
030702010101,78200000.0,0.0
031300031307,37760000.0,0.0
030702010403,45080000.0,0.0
031300060705,45520000.0,0.0
031300090104,60840000.0,0.0
030702010602,63600000.0,0.0
030702011001,43120000.0,0.0
031300070601,24080000.0,0.0
030702020104,30520000.0,0.0
031300031504,72760000.0,0.0
031102020501,51000000.0,0.0
031102020502,34320000.0,0.0
031300031505,68400000.0,0.0
030702010902,30120000.0,0.0
030701060501,34960000.0,10200000.0
031300090201,61280000.0,0.0
031300071001,74160000.0,0.0
030702010401,78960000.0,0.0
030702020304,49080000.0,0.0
030701060402,61440000.0,0.0
031300060608,38480000.0,0.0
031300070502,39120000.0,0.0
031300031304,66760000.0,0.0
031300031302,55040000.0,0.0
031300031306,72160000.0,0.0
031102020204,80880000.0,0.0
031102020302,55000000.0,0.0
031300060701,59800000.0,0.0
031102020205,87840000.0,0.0
031300031301,65680000.0,0.0
030702010901,36600000.0,0.0
031300070404,35720000.0,0.0
031300031202,63880000.0,0.0
031300090103,84960000.0,0.0
031300070503,53600000.0,0.0
031300060610,41280000.0,0.0
030701040803,101840000.0,0.0
031102020106,63000000.0,0.0
030702020404,69280000.0,0.0
030702020202,36480000.0,0.0
031300031503,59120000.0,0.0
031300070804,26120000.0,0.0
030702010803,50240000.0,0.0
031300060609,45840000.0,0.0
030702020103,61880000.0,0.0
030702010802,60360000.0,0.0
031300070903,41760000.0,0.0
030701060403,122080000.0,960000.0
030702020403,67440000.0,0.0
031300090101,68400000.0,0.0
031300060704,41400000.0,0.0
031300031205,25640000.0,0.0
030602040501,21160000.0,103320000.0
031300070403,48480000.0,0.0
031300031403,49800000.0,0.0
031300031404,65280000.0,0.0
031300090102,49080000.0,0.0
030701040802,71800000.0,0.0
031102020202,66840000.0,0.0
031300031502,71120000.0,0.0
030702020402,73400000.0,0.0
031300031204,74600000.0,0.0
031300070805,56720000.0,0.0
031102020203,51800000.0,0.0
031402020102,60400000.0,0.0
030701040602,83680000.0,0.0
031300060703,35960000.0,0.0
031300031201,73280000.0,0.0
030701060401,12560000.0,12440000.0
031102020104,64680000.0,0.0
031300060607,35600000.0,0.0
031300030905,97640000.0,0.0
031300070501,52920000.0,0.0
031300031203,120240000.0,0.0
031300070402,51480000.0,0.0
030602040502,48360000.0,20440000.0
030701040804,114080000.0,10800000.0
030702020303,48520000.0,0.0
031102020105,73440000.0,0.0
031300060611,78880000.0,0.0
030701040805,17240000.0,39640000.0
031300031402,64440000.0,0.0
031300070902,33800000.0,0.0
031300060702,42440000.0,0.0
031402020101,98800000.0,0.0
031300030902,56360000.0,0.0
031300070303,73360000.0,0.0
031300060606,53960000.0,0.0
030702010801,73000000.0,80000.0
030701060307,59320000.0,1320000.0
031300070204,44680000.0,0.0
031300031501,76360000.0,0.0
031403010101,152600000.0,0.0
031102020201,55720000.0,0.0
030701040801,66280000.0,0.0
031300030901,42120000.0,0.0
030702020101,90400000.0,0.0
030702020401,56160000.0,0.0
030701060308,6720000.0,26520000.0
031300070802,57280000.0,0.0
030702020201,68840000.0,0.0
031300030904,55680000.0,0.0
031300070401,31080000.0,0.0
030602040401,132520000.0,9560000.0
030702020102,50840000.0,0.0
031300031401,62440000.0,0.0
031300060406,23040000.0,0.0
031300070301,57640000.0,0.0
031300070803,58960000.0,0.0
031300030903,64880000.0,0.0
031300031103,109760000.0,0.0
031300031102,105560000.0,0.0
031300070901,60840000.0,0.0
030701040603,186080000.0,0.0
031300030704,60720000.0,0.0
031102020103,42680000.0,0.0
030701060302,24280000.0,8080000.0
031102020102,62680000.0,0.0
031300060605,52680000.0,0.0
031300060601,60560000.0,0.0
030701060203,71600000.0,0.0
031300060405,34640000.0,0.0
031300031003,95000000.0,0.0
030701040806,10600000.0,91840000.0
031300060407,35360000.0,0.0
031300060602,53360000.0,0.0
031300070801,94200000.0,0.0
030701040702,80960000.0,0.0
030701040703,42280000.0,31840000.0
031300030701,67480000.0,0.0
031102020101,77200000.0,0.0
030701060204,46280000.0,7440000.0
031300070201,60120000.0,0.0
030701060301,1200000.0,23840000.0
031300060603,46560000.0,0.0
031300070302,83160000.0,0.0
031300060404,34240000.0,0.0
031300030804,79280000.0,0.0
030701060404,19160000.0,0.0
031300060604,76040000.0,0.0
031300030705,95760000.0,0.0
030701040601,97080000.0,0.0
030701060405,87000000.0,42640000.0
030701040701,70600000.0,0.0
031300070105,40840000.0,0.0
030701060103,49640000.0,9320000.0
031300030606,83560000.0,0.0
031300060504,54320000.0,0.0
031300031101,146080000.0,0.0
030701040505,67080000.0,0.0
031300031002,49240000.0,0.0
031501100701,21400000.0,0.0
030701040807,24160000.0,44240000.0
031300070202,45640000.0,0.0
031300060402,29840000.0,0.0
031300030703,67800000.0,0.0
031300070704,54320000.0,0.0
030701050403,46240000.0,18840000.0
031300030702,50040000.0,0.0
031300070203,67560000.0,0.0
031300060507,46520000.0,0.0
030701040504,142680000.0,0.0
031300070705,77680000.0,0.0
031501100501,86200000.0,0.0
030701050402,57160000.0,0.0
030701060101,560000.0,40440000.0
030701021404,0.0,17240000.0
030602030504,35680000.0,31720000.0
031300060403,57040000.0,0.0
031300060401,13120000.0,0.0
031300060106,93080000.0,0.0
030602030505,19840000.0,33440000.0
031300060505,54360000.0,0.0
031300030604,62120000.0,0.0
031300030605,77480000.0,0.0
031300070104,68480000.0,0.0
031300030803,98840000.0,0.0
031300070702,57000000.0,0.0
031300031001,115040000.0,0.0
031300030802,103480000.0,0.0
030701060303,10080000.0,45000000.0
030701021405,0.0,20760000.0
031300030602,46880000.0,0.0
031300030801,71720000.0,0.0
031300070703,71040000.0,0.0
031300060506,44640000.0,0.0
030602040301,137560000.0,32280000.0
031300060104,28960000.0,0.0
031300070103,47600000.0,0.0
030701060201,23080000.0,63880000.0
030701060106,30800000.0,31280000.0
031300030603,67720000.0,0.0
031300060103,49560000.0,0.0
031300060503,55200000.0,0.0
030602030506,79320000.0,18320000.0
030701060306,46560000.0,39200000.0
030701060202,10600000.0,14240000.0
031300070106,73320000.0,0.0
030701040506,64880000.0,0.0
030701040502,153760000.0,0.0
030701060305,29600000.0,0.0
030602030503,0.0,62760000.0
031300030504,68840000.0,0.0
031300070701,61000000.0,0.0
030602040201,26920000.0,108600000.0
031300060105,52560000.0,0.0
030701040507,127320000.0,0.0
030701050203,70080000.0,48800000.0
031300070102,52800000.0,0.0
031300060304,48560000.0,0.0
031300060206,30160000.0,0.0
031300060502,53840000.0,0.0
031501100304,104920000.0,0.0
030701021403,4440000.0,47480000.0
031300030601,69560000.0,0.0
030701040404,105320000.0,0.0
030701060105,53640000.0,2640000.0
030701060102,34680000.0,31640000.0
030701070506,11720000.0,81120000.0
030602030507,0.0,73200000.0
031300060211,30120000.0,0.0
030701040501,87000000.0,0.0
031300030306,86480000.0,0.0
030701060304,52640000.0,14040000.0
030701040403,68360000.0,0.0
031300060107,50480000.0,0.0
030701050401,73600000.0,0.0
031300060205,53960000.0,0.0
030602030502,320000.0,57080000.0
030602030603,0.0,34720000.0
031300030307,65440000.0,0.0
031300060209,60080000.0,0.0
031300030503,70000000.0,0.0
031300060501,58560000.0,0.0
031300060207,56080000.0,0.0
031300070101,78200000.0,0.0
030701050202,118240000.0,0.0
031300060212,19720000.0,0.0
031300060208,72760000.0,0.0
031501100303,102360000.0,0.0
031300030106,67760000.0,0.0
031300060210,31120000.0,0.0
030701021402,23720000.0,320000.0
030701070501,4960000.0,44920000.0
030701021401,36720000.0,5280000.0
031300060302,53520000.0,0.0
031300030105,31240000.0,0.0
030602030501,7680000.0,49000000.0
031300060204,38880000.0,0.0
030602040602,6520000.0,10000000.0
031300060203,45760000.0,0.0
030701040405,73160000.0,0.0
030602030606,40000.0,102840000.0
030701060104,80840000.0,0.0
031300030308,72920000.0,0.0
030701040503,78600000.0,0.0
030602030605,0.0,50600000.0
031300060303,54000000.0,0.0
030701050201,110000000.0,0.0
030602030308,51240000.0,0.0
031300030502,164680000.0,0.0
030701070504,50480000.0,20080000.0
030602030309,25640000.0,0.0
030701070505,29480000.0,32200000.0
030701040402,104840000.0,0.0
031300060202,51920000.0,0.0
031300030305,59400000.0,0.0
030602030602,0.0,52000000.0
031300030501,139800000.0,0.0
030602030310,24320000.0,11800000.0
030701021304,23120000.0,0.0
030701070503,54360000.0,0.0
031300030302,103720000.0,0.0
030701040401,91680000.0,0.0
030701050304,58640000.0,0.0
030701050302,48600000.0,0.0
030701021306,61760000.0,0.0
031300030104,26880000.0,0.0
031300051505,113920000.0,0.0
031300030301,73440000.0,0.0
031300060301,52080000.0,0.0
030602030604,0.0,56280000.0
030602040601,13520000.0,1600000.0
031300030101,60640000.0,0.0
031300051604,46440000.0,0.0
030602030601,0.0,59880000.0
031300060101,52320000.0,0.0
031300030208,30800000.0,0.0
030701021301,21520000.0,0.0
030701021303,21960000.0,0.0
030602020605,12640000.0,38000000.0
031501100401,145400000.0,0.0
031300030403,127880000.0,0.0
030701040303,99000000.0,0.0
030701070502,5360000.0,35280000.0
031300051504,79240000.0,0.0
031300051507,70960000.0,0.0
031300060102,52960000.0,0.0
030701040301,113000000.0,0.0
030602030307,41960000.0,440000.0
030701070404,81000000.0,0.0
030701040203,70400000.0,0.0
031300030402,106120000.0,0.0
030602020507,16840000.0,24480000.0
030701040302,56760000.0,0.0
031300051503,65040000.0,0.0
031300030103,108080000.0,0.0
031501100301,221120000.0,0.0
030701021305,60960000.0,0.0
030701050103,91840000.0,0.0
030701050301,52320000.0,0.0
030701050303,81240000.0,0.0
030701021207,28360000.0,0.0
031300030204,59600000.0,0.0
031300030401,87560000.0,0.0
031300051603,38040000.0,0.0
031300030304,73160000.0,0.0
031300051502,50240000.0,0.0
031300051506,57720000.0,0.0
031300060201,63960000.0,0.0
030602020506,28320000.0,9120000.0
030701021205,33160000.0,0.0
030701040207,86120000.0,0.0
030701021302,31120000.0,0.0
030602030305,23320000.0,0.0
030602020508,25920000.0,14560000.0
030602030410,14320000.0,17920000.0
030701040204,82840000.0,0.0
030602030306,31960000.0,4560000.0
031300021306,99880000.0,0.0
031300030102,83880000.0,0.0
031300021301,81320000.0,0.0
030701021202,33320000.0,0.0
031300021304,52880000.0,0.0
031501100203,113000000.0,0.0
030602020503,25760000.0,14840000.0
031300051601,52520000.0,0.0
031300051602,91720000.0,0.0
031300030303,45200000.0,0.0
031300051501,95520000.0,0.0
030701021204,19560000.0,0.0
030701070304,9080000.0,82520000.0
031300021302,24800000.0,0.0
030701070405,128200000.0,17120000.0
031300030203,54720000.0,0.0
030602030408,13000000.0,1200000.0
030601100303,0.0,240000.0
031300021303,33320000.0,0.0
031300021105,66120000.0,0.0
030602020502,23440000.0,17840000.0
030602030301,41920000.0,0.0
030701050102,98720000.0,0.0
030701070403,52600000.0,0.0
031300030207,78760000.0,0.0
031300030205,73960000.0,0.0
030701040105,74320000.0,0.0
030602030409,28920000.0,280000.0
031300021305,86720000.0,0.0
031300030202,48520000.0,0.0
030701040202,87200000.0,0.0
030701021004,52600000.0,0.0
031300021108,46480000.0,0.0
031300030201,55040000.0,0.0
031300030206,53080000.0,0.0
030701040201,153960000.0,0.0
030701021201,20280000.0,0.0
030602030302,28560000.0,7240000.0
030701021104,55360000.0,0.0
030602040101,202800000.0,560000.0
031501100202,114040000.0,0.0
031501090801,72440000.0,0.0
030701021006,79880000.0,0.0
030602020604,44280000.0,0.0
030701021105,52320000.0,0.0
030601100202,120000.0,27280000.0
031300051404,36440000.0,0.0
031501100201,178080000.0,0.0
031300051402,61440000.0,0.0
030701040107,105720000.0,0.0
031300021206,102680000.0,0.0
031300021106,119880000.0,0.0
031300051401,49600000.0,0.0
030601100302,1640000.0,2880000.0
030601100305,320000.0,0.0
030701021002,30160000.0,0.0
030701021206,65920000.0,0.0
030701070402,89280000.0,0.0
030602030304,36920000.0,0.0
030601100301,0.0,22720000.0
030701040206,165800000.0,0.0
031300051405,66360000.0,0.0
030602020505,33360000.0,0.0
030602030406,36000000.0,0.0
031300021208,106600000.0,6640000.0
030602030303,27760000.0,0.0
030701021005,44200000.0,0.0
031300021109,41320000.0,0.0
030701021003,45440000.0,0.0
030601100304,440000.0,5160000.0
031300051403,64920000.0,0.0
030701021203,71720000.0,0.0
030701020906,47600000.0,0.0
030701070301,41520000.0,2760000.0
030701040106,104240000.0,0.0
030602030205,27080000.0,0.0
030602030107,31800000.0,0.0
030701050101,67200000.0,0.0
030701021001,59640000.0,0.0
031300021207,31200000.0,12400000.0
031300021205,59120000.0,1320000.0
030602020504,71760000.0,0.0
030602020501,45600000.0,0.0
031300021201,28240000.0,0.0
031501090601,241080000.0,0.0
030602020603,39560000.0,0.0
031300051302,46360000.0,0.0
030701040102,128840000.0,0.0
031300021103,55240000.0,1800000.0
030701020901,79880000.0,0.0
030701040205,155600000.0,0.0
030601100201,0.0,103640000.0
031300050802,107080000.0,0.0
030602020602,19320000.0,0.0
030701070401,75000000.0,0.0
031300051102,73160000.0,360000.0
030601090301,67680000.0,400000.0
031300021104,115000000.0,0.0
030701020904,57160000.0,0.0
030602030407,46720000.0,0.0
031300050803,102440000.0,40000.0
031300051301,48240000.0,0.0
031300021102,16960000.0,31440000.0
031300051103,73160000.0,400000.0
030701021103,79320000.0,0.0
031300051305,59320000.0,0.0
030701070303,26840000.0,54440000.0
030602030204,38640000.0,0.0
030602030106,34480000.0,6560000.0
030602030404,22920000.0,0.0
031300021107,179280000.0,0.0
030502080606,0.0,45120000.0
030701021102,88560000.0,0.0
031300051304,38400000.0,0.0
031300021204,14160000.0,37360000.0
031300020907,42840000.0,0.0
030701020905,71320000.0,0.0
030601090303,67080000.0,0.0
030602020601,39280000.0,0.0
030602030405,43960000.0,0.0
030701040101,63080000.0,0.0
031501090602,128760000.0,0.0
031300051303,37320000.0,0.0
031300021101,21040000.0,32680000.0
030701020805,38760000.0,0.0
031300021008,97520000.0,0.0
031300051203,33920000.0,0.0
030701021101,91760000.0,0.0
031501100302,41600000.0,0.0
031300051101,101080000.0,19960000.0
031300020908,45760000.0,0.0
030701020806,33040000.0,0.0
031300050801,20520000.0,63400000.0
031300021203,19800000.0,60600000.0
030602020403,41320000.0,0.0
031300050805,9840000.0,36920000.0
030701031506,116080000.0,0.0
030602030403,27680000.0,0.0
031300021202,21080000.0,35560000.0
031300051206,62520000.0,0.0
030701040104,139800000.0,0.0
031300050804,0.0,60000000.0
031300051005,26760000.0,0.0
030701020903,85920000.0,0.0
030602030103,16240000.0,12680000.0
030602030105,30400000.0,12400000.0
030602020402,65440000.0,0.0
030701020804,27200000.0,0.0
030602030402,28120000.0,0.0
030502080607,560000.0,28200000.0
030502100104,1480000.0,0.0
031300020901,81880000.0,0.0
030502080608,80000.0,5080000.0
030601100103,0.0,95400000.0
031300051204,40640000.0,0.0
030502100102,240000.0,5840000.0
030701070107,78360000.0,0.0
030701020704,60360000.0,0.0
030602020401,26760000.0,0.0
030602030203,40400000.0,0.0
030701040103,96800000.0,0.0
031501090301,187600000.0,0.0
030701070206,86240000.0,0.0
030701031505,112120000.0,0.0
030701020703,71440000.0,0.0
030502080503,0.0,9120000.0
031300021007,95160000.0,0.0
030701020702,33240000.0,0.0
030601090302,85120000.0,0.0
030701070108,107880000.0,0.0
030502080501,0.0,4720000.0
031300051205,24600000.0,0.0
031501090502,138000000.0,0.0
030701070302,88080000.0,0.0
030701031504,70640000.0,0.0
031300051202,50960000.0,0.0
030602020307,44640000.0,0.0
030701020605,91720000.0,0.0
031501090302,61320000.0,0.0
031300050704,3720000.0,73040000.0
030602030401,29560000.0,0.0
030602020303,30760000.0,0.0
031300020903,76280000.0,0.0
031501090303,38520000.0,0.0
030602030202,38360000.0,0.0
031300050908,60040000.0,0.0
030502100101,40000.0,640000.0
030701020902,79720000.0,0.0
031300021004,57560000.0,6320000.0
031300020906,60440000.0,0.0
031300020902,79520000.0,0.0
030701020705,57200000.0,0.0
030502080604,0.0,32040000.0
031300021006,39280000.0,0.0
030701031503,93160000.0,0.0
031300020808,31920000.0,0.0
030602030102,42360000.0,0.0
030601100102,0.0,67200000.0
031300050705,7040000.0,105400000.0
031300021005,111560000.0,0.0
031300021003,74080000.0,22280000.0
030502080502,0.0,10200000.0
031300051003,59800000.0,0.0
030701020603,90080000.0,0.0
030701070106,41080000.0,0.0
030602030104,44360000.0,5000000.0
031300050702,56880000.0,16320000.0
030602020304,27160000.0,0.0
031300051201,42760000.0,0.0
030701031502,87840000.0,0.0
031501090501,45440000.0,0.0
031501090404,111720000.0,0.0
030701020701,57440000.0,0.0
031300050701,6480000.0,37760000.0
030701070205,73240000.0,0.0
030602020306,69360000.0,0.0
030602030201,50920000.0,0.0
030502071103,160000.0,4680000.0
030602030101,50520000.0,0.0
030601090304,53560000.0,0.0
030502080605,320000.0,10560000.0
030701020606,44240000.0,0.0
031300050703,73360000.0,1360000.0
030701070105,99920000.0,0.0
031300050907,82560000.0,2840000.0
031300051004,90680000.0,0.0
030701020604,51400000.0,0.0
030701031605,169880000.0,0.0
030701020602,76720000.0,0.0
031501090205,101800000.0,0.0
030602020305,55800000.0,0.0
030602020205,57920000.0,0.0
031300020904,52560000.0,0.0
030502080603,160000.0,4440000.0
030602020301,20200000.0,0.0
030701070204,110720000.0,0.0
031300021002,35440000.0,0.0
031300051002,35520000.0,0.0
031300021001,72720000.0,0.0
031300020807,45600000.0,0.0
030701031405,74640000.0,0.0
031300020905,77320000.0,0.0
031300050604,28640000.0,9520000.0
030701020506,50160000.0,0.0
030502080406,0.0,52920000.0
030701020803,115080000.0,0.0
030701070104,54080000.0,0.0
030701020801,56440000.0,0.0
030502071102,40000.0,13440000.0
031300020805,101640000.0,0.0
030701020601,44880000.0,0.0
030701020802,40240000.0,0.0
030701031406,195320000.0,0.0
030602020302,12680000.0,0.0
031300050905,65320000.0,0.0
031300050906,49880000.0,0.0
030602020102,49360000.0,0.0
030602020103,32320000.0,0.0
031300050404,45760000.0,1000000.0
030701031404,89720000.0,0.0
030601090305,23280000.0,77000000.0
030602020204,37040000.0,0.0
030601100101,0.0,73600000.0
031300020706,40160000.0,0.0
031300050504,95880000.0,0.0
030701070102,89280000.0,0.0
031501090204,186800000.0,0.0
030701020505,71560000.0,0.0
031501090202,44000000.0,0.0
030701031403,31800000.0,0.0
030701031602,55800000.0,0.0
030502060309,440000.0,0.0
030701031501,58840000.0,0.0
030701020504,107720000.0,0.0
031300020704,43240000.0,0.0
030602010704,49880000.0,0.0
030701070103,40560000.0,0.0
030701070203,67040000.0,0.0
030602010702,54280000.0,0.0
030502080407,0.0,61840000.0
030602010706,23920000.0,0.0
031300020806,56960000.0,0.0
031300050503,54920000.0,0.0
030602010509,39240000.0,0.0
030502060406,640000.0,0.0
030602010508,28240000.0,0.0
030602020107,19880000.0,0.0
030602020101,48000000.0,0.0
030502080602,0.0,11640000.0
031501090107,81800000.0,0.0
030701031604,94920000.0,0.0
030602020203,39120000.0,0.0
031300050603,59880000.0,0.0
031300050904,37640000.0,0.0
031300020707,66360000.0,0.0
030502060307,80000.0,3840000.0
030602010703,23480000.0,0.0
031300020705,84800000.0,0.0
031300020804,53600000.0,0.0
031501090203,66840000.0,0.0
030701020503,70160000.0,0.0
030701020406,69360000.0,0.0
030602020106,14840000.0,0.0
030502071101,0.0,18360000.0
030701020208,24120000.0,0.0
030701070202,51640000.0,0.0
031501090106,92600000.0,0.0
030602020202,30960000.0,0.0
030701020407,23720000.0,0.0
030701031306,51800000.0,0.0
030701031601,14160000.0,0.0
030701020207,39520000.0,0.0
031501090402,176880000.0,0.0
031300050505,62440000.0,0.0
030701020202,57240000.0,0.0
030701031402,114160000.0,0.0
030701070201,61480000.0,0.0
031300050403,59440000.0,0.0
030701031401,25560000.0,0.0
031300050602,52200000.0,0.0
030701020502,69320000.0,0.0
030602010709,27200000.0,0.0
030502080302,0.0,96440000.0
030701070101,71280000.0,0.0
031300020608,80880000.0,0.0
031501090403,106560000.0,73000000.0
030602010506,57520000.0,0.0
030601090105,40000.0,109280000.0
030602010707,27240000.0,0.0
030701020203,20760000.0,0.0
031300050903,13800000.0,0.0
031300050502,63960000.0,0.0
030602020105,22480000.0,0.0
030602020201,20800000.0,0.0
030701020404,50080000.0,0.0
030502071003,0.0,11840000.0
030701031307,36240000.0,0.0
030502060308,1080000.0,2000000.0
030701020405,31840000.0,0.0
030502080301,0.0,76960000.0
030602010710,36960000.0,0.0
031300020801,88560000.0,0.0
031501090103,106880000.0,0.0
030502080601,4800000.0,54040000.0
030701031603,920000.0,0.0
030701020501,64640000.0,0.0
030502070706,0.0,19880000.0
030602010507,56680000.0,0.0
031300020703,97640000.0,0.0
030602010510,45120000.0,0.0
031300020803,42240000.0,0.0
030502080405,7560000.0,17040000.0
030601090102,0.0,31520000.0
030502070704,9520000.0,36880000.0
031501090201,87600000.0,0.0
030502020207,1280000.0,0.0
030701031203,560000.0,0.0
030602010701,37120000.0,0.0
031300050501,25160000.0,0.0
031300020606,54200000.0,0.0
030502070705,0.0,28840000.0
030602010708,27400000.0,0.0
031300020607,39640000.0,0.0
030701020104,78480000.0,0.0
030502020203,5680000.0,0.0
031300050402,33000000.0,0.0
031501090401,43960000.0,65840000.0
031300050401,12960000.0,0.0
030602010504,101760000.0,0.0
031300020702,49040000.0,0.0
030502060405,2320000.0,12240000.0
031501090104,142520000.0,0.0
030602010408,23720000.0,0.0
030701020201,26480000.0,0.0
030602010505,65120000.0,0.0
030602020104,34640000.0,0.0
031501090105,70560000.0,0.0
030502080101,0.0,25600000.0
030502060403,3440000.0,0.0
031300020604,37440000.0,0.0
030602010705,48080000.0,0.0
031300020802,101520000.0,0.0
030601090201,38760000.0,92520000.0
030502080404,26560000.0,42960000.0
030602010407,26640000.0,0.0
030701020403,66760000.0,0.0
031300050601,18440000.0,0.0
030701020105,52600000.0,0.0
031300020601,45120000.0,0.0
030602010610,51760000.0,0.0
030602010606,19160000.0,0.0
031300050306,51640000.0,0.0
030701020206,72840000.0,0.0
030502080102,0.0,90360000.0
030502020206,520000.0,0.0
030602010609,37560000.0,0.0
030701020102,94840000.0,0.0
031501090102,92360000.0,47920000.0
030602010209,44960000.0,0.0
031300020603,45000000.0,0.0
030602010605,19960000.0,0.0
030502060306,7360000.0,10560000.0
030502020204,600000.0,0.0
030602010503,38440000.0,0.0
030601080403,78120000.0,0.0
030601080503,45520000.0,0.0
030502070702,34480000.0,320000.0
031300020605,43520000.0,0.0
030701020103,66520000.0,0.0
030502060401,17720000.0,160000.0
030502070703,71120000.0,15760000.0
030602010502,41720000.0,0.0
030701020402,52200000.0,0.0
030502020205,10960000.0,0.0
031501081006,26760000.0,0.0
030602010405,34360000.0,0.0
031501090101,65080000.0,24840000.0
030502060404,11240000.0,0.0
031501081005,132080000.0,0.0
030502060402,14000000.0,0.0
030701020305,59000000.0,0.0
030502080403,44200000.0,0.0
030502080203,0.0,50120000.0
030602010608,49960000.0,0.0
030701020101,73560000.0,0.0
030601060904,0.0,32680000.0
030601080402,55440000.0,0.0
030502071002,22600000.0,19840000.0
030502070605,42760000.0,0.0
031300020505,43960000.0,0.0
030502060305,48240000.0,0.0
030502080402,18200000.0,32560000.0
030602010406,35280000.0,0.0
030602010208,55800000.0,0.0
031501081002,49680000.0,0.0
030701020205,66440000.0,0.0
030502071001,39920000.0,1520000.0
030602010404,34920000.0,0.0
030502020201,21520000.0,0.0
030601080401,34920000.0,0.0
030701011706,59040000.0,0.0
030502080401,38840000.0,40000.0
031300020602,73320000.0,0.0
030602010604,29080000.0,0.0
030701020304,64800000.0,0.0
031501080505,56320000.0,22000000.0
030502010708,4040000.0,0.0
030701011704,9760000.0,0.0
030602010207,54360000.0,0.0
030602010206,37160000.0,0.0
030602010311,64040000.0,0.0
030602010607,32400000.0,0.0
030502080204,22960000.0,44920000.0
030502070701,64680000.0,0.0
030502020104,58800000.0,0.0
030602010501,44960000.0,0.0
030601080502,65240000.0,0.0
030701020401,89160000.0,0.0
030502070804,54200000.0,0.0
031300020407,85600000.0,0.0
030602010603,32600000.0,0.0
030701011707,44600000.0,0.0
030701011705,25760000.0,0.0
030601060903,0.0,36880000.0
030602010602,45880000.0,0.0
030602010308,20000000.0,0.0
030502070508,59680000.0,0.0
030701020204,71440000.0,0.0
030502070202,40920000.0,0.0
031501081004,152720000.0,0.0
031501080903,57560000.0,0.0
030701011805,118080000.0,0.0
030601080501,57560000.0,2840000.0
030701020303,52200000.0,0.0
030602010203,38840000.0,0.0
030502020202,30400000.0,0.0
030602010403,31320000.0,0.0
031300020406,62560000.0,0.0
030502080201,22240000.0,2600000.0
031300020408,68320000.0,0.0
030601060902,0.0,36720000.0
030602010402,43560000.0,0.0
030502070507,38840000.0,0.0
030602010310,56720000.0,0.0
030602010601,40160000.0,0.0
031501080506,140160000.0,4200000.0
031501080503,19200000.0,117000000.0
030502090207,1280000.0,40000.0
030602010307,54400000.0,0.0
030701020302,50040000.0,0.0
030502080202,8840000.0,63440000.0
030502070604,25800000.0,0.0
030502070902,71160000.0,0.0
030502090204,2040000.0,6360000.0
030502020103,51840000.0,0.0
030502020102,28720000.0,0.0
030602010205,29920000.0,0.0
030502060304,106320000.0,0.0
030602010204,43320000.0,0.0
030701011804,41400000.0,0.0
031501081003,71520000.0,0.0
030502070801,39040000.0,0.0
030502070203,85400000.0,0.0
030502070606,46920000.0,0.0
030502010605,51080000.0,0.0
031501080703,35400000.0,0.0
030601080304,79000000.0,10720000.0
031501081001,65760000.0,0.0
030502070901,37080000.0,0.0
031300020405,53600000.0,0.0
030602010202,72240000.0,0.0
030601060705,0.0,36520000.0
030602010401,73720000.0,0.0
030502020105,78480000.0,0.0
030601080303,76400000.0,0.0
030701020301,82920000.0,0.0
030701011503,27440000.0,0.0
031501080902,91920000.0,0.0
030502070201,100000000.0,6320000.0
030502010707,43000000.0,10000000.0
030602010309,55720000.0,0.0
030701011607,5080000.0,0.0
030502060303,23800000.0,0.0
030601080302,62640000.0,0.0
030701011204,77280000.0,0.0
030701011801,120000000.0,0.0
030601080205,127480000.0,0.0
030502010604,56640000.0,0.0
030602010111,76800000.0,0.0
030502010602,19560000.0,0.0
030502070903,95040000.0,0.0
030601060704,0.0,35880000.0
030502020101,50680000.0,0.0
031501080704,52960000.0,0.0
030601080301,49120000.0,0.0
031501080504,53040000.0,61840000.0
030502070506,33320000.0,0.0
030602010306,61200000.0,0.0
030602010110,38640000.0,0.0
030502070803,59160000.0,0.0
031300020404,39080000.0,0.0
030502090206,0.0,120000.0
030602010201,59640000.0,0.0
030701011803,42760000.0,0.0
030502070602,20120000.0,0.0
030502070504,57840000.0,0.0
030502070505,90400000.0,0.0
030701011802,72160000.0,0.0
030502070110,46880000.0,0.0
030502010402,5680000.0,37000000.0
030602010305,54840000.0,0.0
031501090405,43720000.0,0.0
031501090206,37160000.0,0.0
031501090207,101000000.0,0.0
031501090208,161640000.0,0.0
031501080702,63560000.0,0.0
031501080402,46160000.0,0.0
030601060702,14880000.0,78240000.0
030602010304,62320000.0,0.0
030502090203,480000.0,19520000.0
030601080204,98920000.0,29800000.0
030502070601,28840000.0,0.0
031501080901,65120000.0,0.0
030502060302,90160000.0,0.0
031501080701,44240000.0,0.0
030701011201,79760000.0,0.0
030601080206,51040000.0,0.0
030502070105,24040000.0,0.0
030602010107,57360000.0,0.0
030502010603,21400000.0,0.0
030502070802,94200000.0,0.0
030602010303,77040000.0,0.0
030701011006,37520000.0,0.0
030601060804,0.0,75000000.0
030502010703,12360000.0,11600000.0
030502070603,77920000.0,0.0
031501080604,45320000.0,0.0
031501080403,26360000.0,58880000.0
031501080803,59880000.0,0.0
030701011005,1440000.0,0.0
030502070111,64000000.0,3960000.0
031501080802,49200000.0,0.0
030601060806,0.0,50640000.0
030502070501,27920000.0,0.0
030602010109,54120000.0,0.0
030601080103,52320000.0,0.0
030502010506,108960000.0,0.0
030502060301,18840000.0,0.0
030502060107,17720000.0,0.0
031300020311,24480000.0,0.0
030502060108,96280000.0,0.0
030502010706,92000000.0,6520000.0
031501080606,33120000.0,0.0
030502010601,42800000.0,0.0
030601060703,0.0,136600000.0
031501080401,56400000.0,24440000.0
030502070503,86920000.0,0.0
030502070402,45880000.0,0.0
030701011202,18120000.0,0.0
030502070109,32640000.0,0.0
030602010106,26120000.0,0.0
031501080305,38040000.0,0.0
030601060805,0.0,51000000.0
030701011105,120000.0,0.0
030502010705,0.0,59000000.0
030502010505,48120000.0,0.0
030701011205,28800000.0,0.0
030502070502,66280000.0,0.0
030502010401,40000.0,74240000.0
030502050311,42200000.0,0.0
030502070108,35800000.0,0.0
030502010305,0.0,57680000.0
030502070104,17360000.0,40200000.0
030502070107,42120000.0,0.0
030602010105,52840000.0,0.0
030502090205,2600000.0,0.0
030602010302,25480000.0,0.0
031501080801,37960000.0,0.0
031501080603,53040000.0,0.0
030601080201,68280000.0,36720000.0
030601080202,25480000.0,56840000.0
031501080302,46120000.0,0.0
030601080203,26000000.0,58080000.0
030602010108,14000000.0,0.0
031501080303,43760000.0,0.0
030602010301,18880000.0,0.0
030502060106,61840000.0,0.0
030502060202,23120000.0,0.0
031501080605,50880000.0,0.0
030502010704,63600000.0,37080000.0
030502010304,0.0,61520000.0
030601060701,0.0,75480000.0
030502070403,82960000.0,0.0
030601060506,3760000.0,96160000.0
030701011203,6360000.0,0.0
031501080301,46120000.0,16720000.0
030502050310,43000000.0,0.0
030601080101,91960000.0,0.0
030502010702,19320000.0,4520000.0
031501080602,72360000.0,0.0
030502050308,65040000.0,0.0
031300020308,41200000.0,0.0
030502010306,0.0,55360000.0
030502060102,42000000.0,0.0
030601080102,54760000.0,0.0
030601060403,32120000.0,15600000.0
030502010504,107520000.0,0.0
030502090201,0.0,57320000.0
030502070301,35520000.0,0.0
030601060504,6960000.0,33760000.0
030502060204,68320000.0,0.0
030502070302,65880000.0,0.0
031501080206,35520000.0,0.0
030502060105,49080000.0,0.0
030502070106,72880000.0,0.0
030502070102,28960000.0,4440000.0
031501080304,5360000.0,74080000.0
030502070103,68080000.0,0.0
030502010301,0.0,45760000.0
030502070401,49080000.0,0.0
030502010503,58560000.0,0.0
031501080601,75720000.0,0.0
030502060203,81480000.0,0.0
031501080203,91400000.0,0.0
030502090102,3840000.0,1400000.0
030502050309,48520000.0,0.0
030502090101,200000.0,10400000.0
030502090202,640000.0,54880000.0
030502040308,20800000.0,0.0
030502070101,31920000.0,38200000.0
030601060503,31480000.0,81560000.0
031501080205,39680000.0,120000.0
030502060201,45960000.0,0.0
030502010303,0.0,31480000.0
030601060505,50480000.0,63400000.0
030502060103,41680000.0,0.0
030502040312,38760000.0,0.0
031501080204,32680000.0,0.0
030502050304,20560000.0,0.0
031501080105,89520000.0,0.0
030501120301,0.0,46080000.0
031501080102,40160000.0,0.0
030502010501,43600000.0,0.0
031501050902,920000.0,42360000.0
030502050307,31240000.0,0.0
030502010502,69800000.0,0.0
030502040305,33400000.0,0.0
031300020201,125600000.0,0.0
031501080201,47440000.0,0.0
030502010701,40880000.0,35880000.0
030601060402,99680000.0,0.0
030502040302,29880000.0,640000.0
031501050903,29640000.0,31880000.0
031300020203,50640000.0,0.0
030502060101,38840000.0,0.0
030601060302,134240000.0,0.0
030502010302,0.0,45160000.0
030601060205,54000000.0,0.0
030502040301,31240000.0,8960000.0
030502060104,46240000.0,0.0
030501120302,0.0,73880000.0
030502050305,51800000.0,0.0
031501080106,39800000.0,0.0
030601060401,85200000.0,0.0
030502010203,3480000.0,77640000.0
030502040204,22480000.0,15360000.0
031501080202,48120000.0,0.0
030502040311,68520000.0,0.0
030501120303,40000.0,62080000.0
030502050106,24520000.0,0.0
031300020208,2480000.0,0.0
030502040203,50280000.0,30840000.0
030601050402,11640000.0,0.0
030601060502,72560000.0,0.0
031501080101,63120000.0,11320000.0
030502050202,87880000.0,0.0
030402070210,80000.0,0.0
030501120205,0.0,66480000.0
030601060303,104720000.0,0.0
030502010202,0.0,28400000.0
030502040307,51360000.0,880000.0
030502030307,36080000.0,0.0
031501080104,65520000.0,0.0
030601060501,78720000.0,0.0
031501041101,29280000.0,50720000.0
030502040310,30440000.0,0.0
030601060203,70440000.0,0.0
031300020202,96480000.0,0.0
031501080103,52320000.0,4080000.0
030502050107,101920000.0,0.0
030501120202,0.0,37000000.0
031501041102,30400000.0,20760000.0
030502050303,17720000.0,0.0
031501050101,100560000.0,5640000.0
030502050201,119840000.0,0.0
030502050306,29640000.0,0.0
030502040309,58720000.0,0.0
031300020102,6480000.0,0.0
031501050102,56200000.0,0.0
031300020204,67840000.0,0.0
030502040306,32360000.0,0.0
030501120403,0.0,69960000.0
030601060301,260280000.0,34840000.0
030501120206,0.0,54760000.0
030502050301,32920000.0,0.0
030601070307,35120000.0,51400000.0
030502030302,21800000.0,0.0
030502030308,83960000.0,0.0
030502040207,28520000.0,47760000.0
031501041402,43760000.0,760000.0
031300020207,32920000.0,0.0
031501041401,63160000.0,0.0
030501120402,0.0,48800000.0
031501041201,200000.0,38680000.0
030501120201,0.0,46160000.0
030502050104,62080000.0,0.0
030502010201,44640000.0,71200000.0
030601060202,63800000.0,0.0
031300011104,640000.0,0.0
030502040304,46720000.0,0.0
030502040108,107240000.0,2160000.0
030502050108,85800000.0,0.0
030502010101,61760000.0,0.0
030601060204,109840000.0,0.0
030502050302,64160000.0,0.0
030601050401,5400000.0,0.0
030502040202,32000000.0,240000.0
030502030209,29200000.0,0.0
031300020206,66400000.0,0.0
031300020205,50240000.0,0.0
030502040201,22800000.0,120000.0
030601050403,64880000.0,0.0
030601070306,31280000.0,66400000.0
030502040303,74240000.0,0.0
030402070101,0.0,69200000.0
031501041202,9720000.0,34000000.0
030502030205,37600000.0,0.0
030402070208,2600000.0,41640000.0
030501120105,49600000.0,8120000.0
030402070105,0.0,47520000.0
030502050105,34680000.0,0.0
030502030304,36240000.0,0.0
030601050404,86960000.0,0.0
030502040206,74760000.0,360000.0
030501120401,0.0,50800000.0
030601060201,82040000.0,0.0
030502050103,26320000.0,0.0
031501041104,53400000.0,0.0
030601070302,0.0,32320000.0
030601070303,0.0,61240000.0
030501120203,0.0,48000000.0
030501110105,33080000.0,0.0
031501041103,99800000.0,3040000.0
030502030202,35520000.0,0.0
030402070104,600000.0,84360000.0
030502040105,38920000.0,0.0
030502030306,42680000.0,0.0
030501120101,29440000.0,0.0
030502040109,94280000.0,0.0
030502040107,118920000.0,0.0
031300011103,7200000.0,0.0
031501040807,54600000.0,0.0
030402070102,6440000.0,48360000.0
031501040901,77080000.0,0.0
030601070301,0.0,39520000.0
030502050101,65400000.0,0.0
030502040205,56840000.0,0.0
031501041406,26480000.0,44200000.0
030501120204,13160000.0,32120000.0
031501040902,49800000.0,0.0
030601070305,11440000.0,137680000.0
030501120104,29760000.0,0.0
030402080404,80000.0,0.0
030502030303,50800000.0,0.0
030402070103,6560000.0,41280000.0
030502050102,84800000.0,0.0
030402070106,0.0,32560000.0
030601070304,0.0,50960000.0
030502030301,42960000.0,0.0
030402080402,40000.0,17440000.0
030402050904,57000000.0,62520000.0
030502030210,82520000.0,0.0
030502040104,61480000.0,0.0
030502030204,34920000.0,0.0
031501040903,39680000.0,0.0
030501120106,74920000.0,400000.0
030502040106,75320000.0,0.0
030502040103,77600000.0,0.0
030601070207,5560000.0,105000000.0
031501041105,67680000.0,0.0
030501110104,75760000.0,0.0
031501040806,1280000.0,0.0
030402050908,15760000.0,41840000.0
030502030106,115800000.0,0.0
030502030305,115600000.0,0.0
030501120102,65880000.0,0.0
030402050910,0.0,28840000.0
030402050709,52240000.0,0.0
031501040808,55720000.0,0.0
030502030207,43120000.0,0.0
030501110103,70240000.0,0.0
031501040904,19800000.0,0.0
030501110108,75320000.0,0.0
030501110107,60120000.0,0.0
030502030208,86880000.0,0.0
030502030203,40640000.0,0.0
030601030709,50000000.0,99800000.0
030601070205,4600000.0,57440000.0
030402080403,800000.0,320000.0
030402050707,33600000.0,0.0
030402080401,0.0,8280000.0
031501041301,72360000.0,0.0
030601070108,0.0,99120000.0
030502040102,88360000.0,0.0
030501110106,91400000.0,0.0
030502040101,121040000.0,0.0
030402050705,55520000.0,0.0
030501110101,44080000.0,0.0
030402050903,69520000.0,0.0
030402050906,59400000.0,1200000.0
030601070203,41840000.0,53160000.0
031501041004,78040000.0,0.0
030502030103,90160000.0,0.0
030601070208,0.0,151000000.0
030501120103,72320000.0,0.0
030402050905,53400000.0,0.0
031501040809,15800000.0,0.0
030502030105,75880000.0,0.0
031501041203,6160000.0,4600000.0
030501100309,50360000.0,0.0
030502030206,67720000.0,0.0
030402050901,30400000.0,0.0
030502030201,102080000.0,0.0
030402050405,52240000.0,0.0
030501100402,41400000.0,0.0
030501100308,72480000.0,0.0
030402050406,25120000.0,0.0
030402061003,280000.0,43120000.0
031501041001,3280000.0,0.0
030402050909,55160000.0,15720000.0
030402050902,81200000.0,0.0
030501110102,39920000.0,0.0
030402050706,83840000.0,0.0
030501100302,66040000.0,0.0
030502030101,89440000.0,0.0
030601070206,0.0,53840000.0
030402070207,0.0,79600000.0
030601070107,0.0,33800000.0
030501110109,200360000.0,0.0
030402050710,93480000.0,0.0
030502030102,79360000.0,0.0
030502030104,82160000.0,0.0
030601070103,0.0,57440000.0
030402050402,24240000.0,0.0
030501091001,118160000.0,0.0
030402050403,87920000.0,0.0
030402050407,82680000.0,0.0
030402050907,28640000.0,50640000.0
030402080310,13880000.0,2640000.0
030402050704,25280000.0,0.0
030601070202,29880000.0,82160000.0
030402050604,53920000.0,0.0
030501100102,80600000.0,0.0
030501100310,40760000.0,0.0
030501091101,111600000.0,0.0
030402050708,42480000.0,0.0
030501100103,70160000.0,0.0
030601070106,0.0,113520000.0
030601070204,0.0,65640000.0
030402050801,55240000.0,0.0
030402061001,34520000.0,0.0
030402050404,50640000.0,0.0
030601070201,8080000.0,63520000.0
030402050806,130640000.0,0.0
030501091102,107440000.0,0.0
030402061002,25120000.0,8760000.0
030601070104,0.0,29240000.0
030402050805,67880000.0,0.0
030501100101,72000000.0,0.0
030501040407,50040000.0,0.0
030501091401,67720000.0,0.0
030402080311,21640000.0,0.0
030402050302,41120000.0,0.0
030501100303,75400000.0,0.0
030501091303,54920000.0,0.0
030601070102,0.0,18960000.0
030402050802,53480000.0,0.0
030501091104,116040000.0,0.0
030501100104,78480000.0,0.0
030402050804,45200000.0,0.0
030501100403,48760000.0,7480000.0
030402070205,22160000.0,320000.0
030601070105,21040000.0,57480000.0
030501091002,30720000.0,0.0
030402050601,47160000.0,0.0
030402050603,60720000.0,0.0
030501091003,127480000.0,0.0
030501100307,30280000.0,6000000.0
030402050703,95440000.0,0.0
030501100305,55360000.0,4160000.0
030402050803,97320000.0,0.0
030402050505,44680000.0,0.0
030402070206,26800000.0,31000000.0
030501040406,33440000.0,10440000.0
030501100301,25640000.0,0.0
030402080308,13000000.0,0.0
030501091301,32040000.0,0.0
030501100401,77200000.0,32200000.0
030501091402,69840000.0,0.0
030402050303,108680000.0,0.0
030501091309,18440000.0,0.0
030501091304,65440000.0,0.0
030501091201,86720000.0,1160000.0
030402050401,82160000.0,0.0
030402050504,53600000.0,0.0
030402050701,56280000.0,0.0
030501091103,120280000.0,0.0
030501100304,48560000.0,24000000.0
030402020602,91000000.0,0.0
030402070204,89520000.0,0.0
030402070202,40240000.0,0.0
030501090703,23640000.0,0.0
030501091105,55360000.0,0.0
030402020604,55200000.0,0.0
030402050602,37520000.0,0.0
030501090704,62080000.0,640000.0
030501040404,0.0,66600000.0
030501100203,68080000.0,3720000.0
030501091311,52960000.0,0.0
030501100306,24760000.0,56160000.0
030402060906,91840000.0,0.0
030501091307,56240000.0,0.0
030402060907,32160000.0,0.0
030402080314,1600000.0,0.0
030501040405,44600000.0,16720000.0
030402040810,26360000.0,0.0
030501091403,102800000.0,0.0
030402050503,74000000.0,0.0
030402070203,69600000.0,0.0
030402050702,32360000.0,0.0
030402050301,109880000.0,0.0
030402080307,15160000.0,0.0
030402060905,46600000.0,0.0
030501091310,25160000.0,0.0
030501091202,5280000.0,0.0
030402040809,55600000.0,0.0
030501091207,49760000.0,0.0
030501100202,16080000.0,32480000.0
030501091302,39920000.0,0.0
030402020601,52320000.0,0.0
030402060903,26440000.0,0.0
030402020705,53720000.0,0.0
030501100201,46480000.0,0.0
030402020603,66400000.0,0.0
030501040403,3800000.0,86280000.0
030501060707,56680000.0,0.0
030501091306,41120000.0,0.0
030402020704,73560000.0,0.0
030501060704,42880000.0,0.0
030402060901,18280000.0,0.0
030501091308,46960000.0,0.0
030402050204,25080000.0,0.0
030501091305,36880000.0,0.0
030402060904,17560000.0,0.0
030501060708,130480000.0,0.0
030501060702,36760000.0,0.0
030402050502,88560000.0,0.0
030402050501,80360000.0,0.0
030402050109,76680000.0,0.0
030402070201,32520000.0,0.0
030501060706,53080000.0,0.0
030501091205,8160000.0,0.0
030402080313,960000.0,0.0
030402080306,10920000.0,0.0
030402060803,72200000.0,0.0
030402050108,95200000.0,0.0
030402050205,46920000.0,0.0
030501060603,46840000.0,0.0
030402040807,52480000.0,0.0
030501040401,45040000.0,1760000.0
030402040806,22120000.0,0.0
030402060902,47720000.0,0.0
030501040307,5880000.0,12320000.0
030402020505,61480000.0,0.0
030501040402,17560000.0,70640000.0
030402050106,19720000.0,0.0
030402020702,57960000.0,0.0
030501060705,53400000.0,0.0
030402050107,44680000.0,0.0
030402080301,97480000.0,0.0
030501040306,105800000.0,1160000.0
030402050203,24680000.0,0.0
030402080305,8840000.0,0.0
030402050104,39720000.0,0.0
030402020407,23320000.0,0.0
030402040702,43520000.0,0.0
030402080309,2400000.0,0.0
030402020703,100360000.0,0.0
030402060706,66720000.0,0.0
030501060703,5360000.0,0.0
030402020408,19400000.0,0.0
030402060801,39440000.0,0.0
030402080304,3760000.0,0.0
030402080303,5400000.0,0.0
030501091206,6320000.0,0.0
030402040701,68120000.0,0.0
030402080302,9000000.0,0.0
030402011202,72760000.0,0.0
030402040808,76400000.0,0.0
030402020701,78120000.0,0.0
030402011201,48640000.0,0.0
030501040205,92560000.0,0.0
030402050202,71720000.0,0.0
030501040206,91520000.0,0.0
030402080205,520000.0,0.0
030402020404,45800000.0,0.0
030402050103,44880000.0,0.0
030402060704,29560000.0,0.0
030501060507,320000.0,0.0
030501040303,31400000.0,440000.0
030402040804,28080000.0,0.0
030501060601,28720000.0,0.0
030402060802,90360000.0,0.0
030402010904,84560000.0,0.0
030300050804,2160000.0,160000.0
030501040305,122200000.0,5920000.0
030402080108,600000.0,0.0
030501040304,77960000.0,5120000.0
030402020504,95840000.0,0.0
030501060602,1360000.0,0.0
030501040207,108320000.0,0.0
030402080201,20680000.0,0.0
030402060705,88840000.0,0.0
030402050201,38320000.0,0.0
030402020403,29040000.0,0.0
030402020405,35280000.0,0.0
030402011105,48040000.0,0.0
030402080203,18240000.0,0.0
030402080107,5600000.0,6160000.0
030402050105,80960000.0,3920000.0
030402060701,47320000.0,0.0
030402010901,77160000.0,0.0
030402060702,28160000.0,0.0
030501040302,69480000.0,5320000.0
030402060703,74760000.0,0.0
030501040203,126240000.0,0.0
030402040603,52920000.0,0.0
030402080204,48320000.0,0.0
030402040602,53160000.0,0.0
030402080202,29120000.0,0.0
030402080105,0.0,14120000.0
030402011003,17440000.0,0.0
030402060605,8160000.0,0.0
030402011104,25960000.0,0.0
030402010905,83040000.0,0.0
030402080106,31880000.0,4920000.0
030402010903,31480000.0,0.0
030402050101,6600000.0,49680000.0
030501040208,51520000.0,0.0
030300050802,18040000.0,6000000.0
030402040805,52360000.0,0.0
030402040604,77640000.0,0.0
030300050803,3680000.0,11960000.0
030402060504,29200000.0,0.0
030402050102,0.0,39240000.0
030402060603,30360000.0,0.0
030402040802,17840000.0,0.0
030402010708,84880000.0,0.0
030402020501,9320000.0,30120000.0
030402020406,95200000.0,0.0
030402060503,18000000.0,0.0
030402060506,14320000.0,0.0
030300050801,0.0,13200000.0
030402060604,17920000.0,40000.0
030501040204,92440000.0,4720000.0
030402040803,66760000.0,0.0
030501040301,16560000.0,55880000.0
030402011102,53080000.0,0.0
030402080104,6600000.0,18200000.0
030402020402,80880000.0,0.0
030402020503,86640000.0,4000000.0
030402020401,27640000.0,0.0
030402040801,46920000.0,0.0
030402010902,108880000.0,0.0
030402080103,30200000.0,10800000.0
030402010710,35600000.0,0.0
030402080101,2600000.0,29920000.0
030402020205,680000.0,32280000.0
030402010707,69400000.0,0.0
030501040111,70200000.0,0.0
030300050703,0.0,20560000.0
030402040601,98840000.0,0.0
030402010706,31600000.0,0.0
030402060505,56800000.0,0.0
030501040110,42000000.0,0.0
030402060404,16280000.0,1760000.0
030402080317,2920000.0,0.0
030402080316,520000.0,0.0
030402011103,81120000.0,0.0
030402080102,11480000.0,5400000.0
030402060602,27360000.0,720000.0
030402020502,13000000.0,28320000.0
030402031402,11160000.0,0.0
030300050704,9920000.0,4560000.0
030300050701,0.0,25480000.0
030402060601,18040000.0,2520000.0
030402010809,53760000.0,0.0
030402060501,41400000.0,0.0
030402060403,16200000.0,2480000.0
030402011001,90800000.0,0.0
030402020206,0.0,106920000.0
030402040404,71920000.0,0.0
030402010709,50240000.0,0.0
030501040202,101520000.0,1320000.0
030402040508,32960000.0,0.0
030402060401,6440000.0,1200000.0
030402010810,21800000.0,0.0
030402031403,19040000.0,0.0
030501040201,74640000.0,0.0
030203020501,8080000.0,0.0
030300050602,16240000.0,37280000.0
030402031401,68760000.0,0.0
030402010701,53200000.0,45840000.0
030402040403,42880000.0,0.0
030402040507,28800000.0,0.0
030402011002,73120000.0,0.0
030402060502,63440000.0,0.0
030402010704,81400000.0,0.0
030402020307,0.0,121520000.0
030300050702,16000000.0,3520000.0
030402060405,57600000.0,3880000.0
030402010705,37560000.0,0.0
030402031404,29240000.0,0.0
030402020204,6200000.0,88440000.0
030402011101,46680000.0,0.0
030402010808,59800000.0,0.0
030402010702,35160000.0,5200000.0
030402060402,29320000.0,2600000.0
030501040109,29280000.0,0.0
030402060204,30720000.0,320000.0
030402010703,21920000.0,1720000.0
030402031303,15760000.0,0.0
030402031102,41640000.0,0.0
030300050504,15240000.0,11280000.0
030402040506,79240000.0,0.0
030300050601,34800000.0,24880000.0
030300050603,4240000.0,27400000.0
030402010605,0.0,23440000.0
030402020202,60720000.0,11000000.0
030402020306,0.0,69000000.0
030402060201,36280000.0,0.0
030402040505,29480000.0,0.0
030402031207,7400000.0,0.0
030402020203,80000.0,54800000.0
030402060304,2400000.0,40000.0
030402010606,9480000.0,116280000.0
030300050301,57600000.0,0.0
030402060306,28280000.0,720000.0
030402040402,62880000.0,0.0
030402060202,47720000.0,0.0
030402010807,50880000.0,0.0
030402010508,0.0,37360000.0
030402020303,0.0,87040000.0
030402031302,87400000.0,0.0
030300050502,20520000.0,2440000.0
030402010604,0.0,42840000.0
030402031101,54720000.0,0.0
030402031301,28440000.0,0.0
030300050503,28080000.0,5240000.0
030402010409,0.0,45720000.0
030402060303,45800000.0,160000.0
030402020304,0.0,45600000.0
030402010509,26840000.0,88280000.0
030402020201,67080000.0,32320000.0
030402010802,36520000.0,0.0
030402020305,3160000.0,42960000.0
030300050302,51400000.0,0.0
030402031103,47040000.0,0.0
030402010806,31440000.0,0.0
030402010805,51880000.0,0.0
030402060203,60440000.0,0.0
030402060305,62640000.0,0.0
030402031205,24760000.0,0.0
030300050303,40560000.0,0.0
030501030303,4720000.0,0.0
030300050406,45440000.0,10800000.0
030402031104,24400000.0,0.0
030402040504,42080000.0,0.0
030402020302,13400000.0,35640000.0
030402040401,93160000.0,0.0
030203020502,70520000.0,0.0
030300070808,58120000.0,40000.0
030402020104,25840000.0,95640000.0
030300050501,22200000.0,8320000.0
030300050407,10960000.0,320000.0
030402031206,32520000.0,0.0
030402060302,22840000.0,0.0
030300050404,43760000.0,3680000.0
030402010406,0.0,93640000.0
030402010801,43560000.0,0.0
030402010603,0.0,76520000.0
030402060104,63040000.0,0.0
030501030304,720000.0,0.0
030402040503,57320000.0,0.0
030402010410,0.0,105200000.0
030402040502,57680000.0,0.0
030300070809,12320000.0,14600000.0
030402040501,29760000.0,0.0
030402020105,80000.0,54080000.0
030203020401,10240000.0,4160000.0
030402010507,30560000.0,2360000.0
030402030903,27600000.0,0.0
030402060301,63960000.0,0.0
030402020301,66640000.0,18680000.0
030402030904,22440000.0,0.0
030402060105,62600000.0,0.0
030402010411,0.0,39920000.0
030402010407,11680000.0,56960000.0
030300050405,30200000.0,6200000.0
030402031203,32040000.0,0.0
030402010804,66800000.0,0.0
030402020103,3640000.0,8920000.0
030300070807,25760000.0,5840000.0
030402010601,30360000.0,6760000.0
030402031004,22480000.0,0.0
030402040107,18160000.0,0.0
030402031204,51280000.0,0.0
030300050403,32560000.0,4600000.0
030300060807,0.0,11840000.0
030402010602,42840000.0,14720000.0
030402010803,69600000.0,0.0
030300070705,8400000.0,10680000.0
030402031201,41840000.0,0.0
030300060806,0.0,48800000.0
030402060102,61520000.0,0.0
030402031005,10440000.0,0.0
030402060103,66920000.0,0.0
030402031202,61680000.0,0.0
030402031002,19000000.0,0.0
030402010510,3760000.0,63640000.0
030402030902,15040000.0,0.0
030300070806,13840000.0,160000.0
030402030901,38560000.0,0.0
030402010403,87400000.0,40000.0
030300070805,12800000.0,17400000.0
030402060101,30360000.0,0.0
030402010408,60280000.0,27600000.0
030402010504,0.0,47200000.0
030402040304,46400000.0,0.0
030402031003,37120000.0,0.0
030300060704,0.0,24480000.0
030300070803,0.0,15320000.0
030402040203,38720000.0,0.0
030300050401,60760000.0,4720000.0
030402010503,0.0,50480000.0
030402010402,61120000.0,0.0
030402030401,45800000.0,0.0
030300050402,3480000.0,34840000.0
030300060603,0.0,37680000.0
030203020402,9120000.0,2800000.0
030300070704,28920000.0,16240000.0
030402010501,38680000.0,25920000.0
030402010405,28200000.0,0.0
030402010505,24320000.0,34520000.0
030402010404,55840000.0,0.0
030300070804,120000.0,19080000.0
030402030505,21040000.0,0.0
030203020403,16480000.0,2200000.0
030402040106,83520000.0,0.0
030300070703,36240000.0,600000.0
030300050202,27840000.0,1960000.0
030300060805,0.0,50200000.0
030300060804,0.0,36440000.0
030402030802,50480000.0,0.0
030402030801,60240000.0,0.0
030402030403,30000000.0,0.0
030402010306,15360000.0,16080000.0
030402040105,31600000.0,0.0
030402010502,15920000.0,50400000.0
030300070802,32760000.0,10960000.0
030402040202,24520000.0,0.0
030402040305,62360000.0,0.0
030402010401,30240000.0,0.0
030300060703,16520000.0,45800000.0
030402010506,111800000.0,0.0
030402010303,34360000.0,0.0
030300060602,0.0,45560000.0
030402040104,23000000.0,5160000.0
030300050206,19600000.0,11000000.0
030402030704,18000000.0,0.0
030402030402,37640000.0,5160000.0
030402010202,82440000.0,0.0
030300060701,0.0,30000000.0
030402031001,49040000.0,7160000.0
030300050205,0.0,38080000.0
030300070610,0.0,9120000.0
030402040201,35320000.0,6280000.0
030300070801,51600000.0,1160000.0
030402030702,45040000.0,5520000.0
030402030303,22240000.0,8640000.0
030402010302,37960000.0,0.0
030402030701,13800000.0,22320000.0
030300070701,43880000.0,0.0
030300070607,120000.0,14760000.0
030203020301,44200000.0,4200000.0
030402030705,24960000.0,0.0
030300070608,0.0,8040000.0
030300070606,1360000.0,21240000.0
030300070702,64560000.0,0.0
030300060803,0.0,49120000.0
030402040102,80000.0,34200000.0
030300060702,19240000.0,20840000.0
030402030703,24680000.0,0.0
030402040103,42560000.0,18560000.0
030402010203,63360000.0,0.0
030402010305,63240000.0,19720000.0
030300060208,0.0,65840000.0
030402010201,89440000.0,0.0
030402030503,17720000.0,38840000.0
030300070609,0.0,15000000.0
030402010105,28240000.0,0.0
030300060601,0.0,35280000.0
030402030604,880000.0,47600000.0
030402030302,18720000.0,31480000.0
030402010103,48880000.0,0.0
030300050204,0.0,26400000.0
030203020209,400000.0,13400000.0
030300070505,38960000.0,0.0
030203020302,8400000.0,13080000.0
030300060802,16600000.0,18960000.0
030300050104,20880000.0,30280000.0
030402040303,7480000.0,27680000.0
030401040103,10120000.0,0.0
030402030504,4480000.0,39400000.0
030402010304,94240000.0,0.0
030402030602,0.0,25520000.0
030300070611,41800000.0,10240000.0
030300060207,1240000.0,40360000.0
030300070503,42760000.0,6200000.0
030203020210,440000.0,15360000.0
030402040301,2040000.0,30880000.0
030300060205,0.0,27800000.0
030401040104,59600000.0,0.0
030402040302,9360000.0,55960000.0
030300070603,280000.0,17600000.0
030300050201,0.0,50200000.0
030402040101,1560000.0,70480000.0
030300070502,24800000.0,8080000.0
030402030301,19960000.0,19400000.0
030402010104,44920000.0,0.0
030300070602,19920000.0,3880000.0
030402030502,11280000.0,38200000.0
030300060801,39480000.0,840000.0
030300060408,20280000.0,2960000.0
030203020208,7440000.0,33000000.0
030300070605,30640000.0,2160000.0
030402030601,0.0,43240000.0
030402030603,80000.0,29080000.0
030300070604,39320000.0,2320000.0
030402030605,3320000.0,41960000.0
030203010302,5000000.0,23240000.0
030401040501,37120000.0,0.0
030300070506,50240000.0,0.0
030401040105,60640000.0,0.0
030300070601,10160000.0,3120000.0
030402010301,67000000.0,0.0
030402030501,26240000.0,21440000.0
030300050203,2280000.0,31120000.0
030203020207,7040000.0,9640000.0
030401040503,34680000.0,0.0
030300060510,30280000.0,0.0
030300050102,50960000.0,14120000.0
030203020205,41360000.0,18640000.0
030402030203,0.0,43800000.0
030300060206,120000.0,43520000.0
030402010102,42200000.0,52960000.0
030401040506,83800000.0,0.0
030300070501,37640000.0,0.0
030300050103,14040000.0,38720000.0
030203020206,9200000.0,22200000.0
030300070404,48040000.0,0.0
030300070401,28960000.0,0.0
030300070405,35560000.0,1400000.0
030300040604,26040000.0,21600000.0
030401040502,50520000.0,0.0
030203010304,10960000.0,0.0
030300060204,21760000.0,15880000.0
030300060509,46520000.0,0.0
030402030206,2480000.0,93600000.0
030300070504,85920000.0,0.0
030402030204,280000.0,27680000.0
030402010101,23560000.0,59320000.0
030300070403,60000000.0,0.0
030300040611,31000000.0,440000.0
030300040607,45480000.0,29560000.0
030300040606,23720000.0,3960000.0
030300060305,42680000.0,9320000.0
030203010301,39240000.0,5760000.0
030300060407,49280000.0,0.0
030203010303,5080000.0,4560000.0
030300050101,36440000.0,1960000.0
030300060203,34080000.0,2760000.0
030203020203,34960000.0,560000.0
030203020105,29800000.0,0.0
030203020204,43120000.0,0.0
030300060508,48920000.0,0.0
030401040205,69720000.0,0.0
030401040504,49000000.0,1000000.0
030401040403,38760000.0,0.0
030401050708,29600000.0,0.0
030300060506,35680000.0,0.0
030402030205,4760000.0,39240000.0
030300040707,45640000.0,0.0
030203010206,39840000.0,2640000.0
030300060201,24520000.0,0.0
030203010701,5000000.0,8400000.0
030203010702,5760000.0,0.0
030203010205,7720000.0,13240000.0
030203010704,960000.0,720000.0
030203020202,38760000.0,0.0
030203010201,23160000.0,0.0
030300070305,54480000.0,0.0
030402030104,4320000.0,40360000.0
030401040404,73360000.0,160000.0
030300040603,160000.0,44000000.0
030300040605,4120000.0,46000000.0
030300040601,0.0,30720000.0
030300070402,59280000.0,0.0
030300070304,56120000.0,0.0
030300060507,49840000.0,0.0
030203010203,12800000.0,1320000.0
030300040602,3480000.0,101480000.0
030300070306,88920000.0,0.0
030300040610,57440000.0,26960000.0
030203010503,0.0,8400000.0
030300040608,18920000.0,24280000.0
030203010204,5040000.0,7760000.0
030300060304,47120000.0,0.0
030203020201,36000000.0,0.0
030300060406,58880000.0,0.0
030203010104,25320000.0,0.0
030402030103,39600000.0,43760000.0
030402030202,66680000.0,9040000.0
030402030201,39760000.0,47320000.0
030203010406,14240000.0,13760000.0
030300060505,60040000.0,0.0
030401040505,116600000.0,2240000.0
030401040402,22920000.0,83040000.0
030300070307,56120000.0,0.0
030300040609,49360000.0,27400000.0
030203020104,72520000.0,0.0
030203010401,7760000.0,11920000.0
030300060106,25760000.0,0.0
030203010105,0.0,13080000.0
030300040402,520000.0,38640000.0
030401040401,34880000.0,44800000.0
030300060303,45680000.0,0.0
030300070301,67000000.0,0.0
030300060504,49400000.0,0.0
030300040704,68440000.0,19760000.0
030401040203,71440000.0,14360000.0
030203020103,35640000.0,0.0
030300060202,80320000.0,3040000.0
030203010402,27880000.0,11440000.0
030300040304,2280000.0,70920000.0
030203010403,0.0,8640000.0
030300040705,54640000.0,2880000.0
030203010604,0.0,3560000.0
030203020101,30560000.0,0.0
030402030101,57680000.0,0.0
030203020102,62560000.0,0.0
030300040303,35080000.0,920000.0
030300070303,41960000.0,0.0
030203010202,1800000.0,15640000.0
030401040204,32280000.0,52320000.0
030300060302,44000000.0,0.0
030203010404,8800000.0,4320000.0
030300060107,63040000.0,0.0
030402030102,76480000.0,0.0
030300040301,56360000.0,0.0
030300070206,26200000.0,0.0
030300040405,0.0,46760000.0
030203010405,5920000.0,6920000.0
030203010106,12520000.0,11840000.0
030300070103,39960000.0,0.0
030300070302,56320000.0,0.0
030203010101,22560000.0,0.0
030300060503,52600000.0,0.0
030203010102,36800000.0,6200000.0
030300040403,160000.0,41840000.0
030300040703,7240000.0,29520000.0
030300060405,59120000.0,0.0
030203010501,0.0,25520000.0
030203010502,0.0,30480000.0
030401040202,4040000.0,36440000.0
030300060502,47200000.0,0.0
030300040706,16880000.0,20040000.0
030300070102,36080000.0,0.0
030300040308,34760000.0,41680000.0
030401040306,2640000.0,96320000.0
030300040302,83760000.0,0.0
030203010603,0.0,21720000.0
030203010602,0.0,80000.0
030300040404,9080000.0,25960000.0
030203010103,0.0,18040000.0
030300040401,34320000.0,2480000.0
030401040305,0.0,57280000.0
030300070105,52800000.0,0.0
030300060105,56040000.0,0.0
030300060501,53320000.0,0.0
030202040102,32560000.0,0.0
030300060404,61120000.0,0.0
030202040103,50520000.0,80000.0
030300040702,20640000.0,3280000.0
030202040504,9800000.0,20440000.0
030300070205,37960000.0,0.0
030202040105,46560000.0,3360000.0
030203010601,0.0,27120000.0
030401040201,7120000.0,7280000.0
030300040408,28400000.0,34960000.0
030202040602,17960000.0,13920000.0
030202040301,9880000.0,21920000.0
030202040206,45040000.0,5280000.0
030300060301,81480000.0,0.0
030300040307,80680000.0,120000.0
030300040701,56280000.0,3760000.0
030300070104,89640000.0,0.0
030202040106,12480000.0,3000000.0
030300030301,107920000.0,0.0
030300040406,34920000.0,27000000.0
030300030402,71760000.0,1280000.0
030202040303,4160000.0,32000000.0
030300060403,31160000.0,0.0
030300040407,81840000.0,0.0
030401030505,0.0,16440000.0
030202040502,30000000.0,26160000.0
030300040305,74680000.0,0.0
030300060401,30200000.0,0.0
030202040101,43280000.0,8480000.0
030300030403,125560000.0,0.0
030300070101,99120000.0,0.0
030300040306,54320000.0,0.0
030300070204,57680000.0,0.0
030401040303,0.0,160000.0
030202040604,4320000.0,61240000.0
030300040409,47200000.0,0.0
030202040104,28080000.0,1680000.0
030202040201,25280000.0,400000.0
030300060104,67680000.0,0.0
030300040203,98600000.0,0.0
030202040304,16160000.0,12960000.0
030300070203,48840000.0,0.0
030300060402,65360000.0,0.0
030300030302,52520000.0,0.0
030300070201,59600000.0,0.0
030202040701,0.0,56680000.0
030300070202,38600000.0,0.0
030202040205,52240000.0,5240000.0
030202040901,0.0,11640000.0
030300030405,32640000.0,0.0
030202040204,72960000.0,11240000.0
030202040302,25560000.0,34560000.0
030202011402,61840000.0,0.0
030401030605,0.0,880000.0
030202040305,20000000.0,19960000.0
030202020301,59120000.0,6640000.0
030300030303,51080000.0,0.0
030300060102,32760000.0,0.0
030202040601,24440000.0,0.0
030202011401,28040000.0,0.0
030300040206,61560000.0,0.0
030202040203,25400000.0,0.0
030300030601,80280000.0,0.0
030202040603,120000.0,0.0
030202011303,52760000.0,1160000.0
030300030404,43160000.0,0.0
030401040304,600000.0,4000000.0
030202020605,58760000.0,6960000.0
030202020104,23560000.0,280000.0
030202040202,49440000.0,0.0
030202040503,20320000.0,720000.0
030300040205,92280000.0,0.0
030300030406,1200000.0,0.0
030300040201,61760000.0,0.0
030202011403,63600000.0,0.0
030300040202,59520000.0,0.0
030202040404,6960000.0,3160000.0
030202020204,31720000.0,840000.0
030300040506,56880000.0,0.0
030300040204,93680000.0,0.0
030202011305,41600000.0,3320000.0
030202020601,56040000.0,0.0
030202011304,45680000.0,0.0
030202040403,13880000.0,0.0
030300040504,26600000.0,0.0
030202011404,35200000.0,240000.0
030202020105,24400000.0,1840000.0
030202020606,40200000.0,2720000.0
030202020107,31280000.0,1320000.0
030202040902,0.0,80000.0
030202040704,0.0,1080000.0
030300030603,93280000.0,0.0
030202020302,44960000.0,5320000.0
030202020206,83720000.0,3560000.0
030300040505,38360000.0,0.0
030300060103,69920000.0,0.0
030202040401,28080000.0,5840000.0
030202020607,8880000.0,1880000.0
030300030408,1960000.0,0.0
030300030407,46680000.0,0.0
030202040501,32000000.0,0.0
030300030606,46560000.0,0.0
030202020303,24280000.0,2760000.0
030202020203,25680000.0,80000.0
030202020103,24080000.0,3840000.0
030202011306,30680000.0,1600000.0
030202011302,57760000.0,0.0
030300040503,61120000.0,0.0
030202011301,53560000.0,0.0
030300030604,8480000.0,0.0
030202040402,34200000.0,0.0
030202020106,23240000.0,0.0
030202020304,23000000.0,0.0
030202040801,45120000.0,0.0
030202020602,59240000.0,40000.0
030202020102,27560000.0,80000.0
030202011705,55200000.0,7800000.0
030300060101,69480000.0,0.0
030202020604,26280000.0,2280000.0
030202040802,9840000.0,1720000.0
030300040101,61760000.0,0.0
030202020305,39920000.0,0.0
030202020306,74960000.0,240000.0
030202020205,95320000.0,0.0
030300040105,62400000.0,0.0
030202020307,26080000.0,1360000.0
030202011203,68560000.0,160000.0
030300040106,87680000.0,0.0
030300030607,29760000.0,0.0
030202020506,19120000.0,1520000.0
030300040502,99760000.0,0.0
030202011704,31640000.0,80000.0
030202011202,64320000.0,0.0
030202040803,720000.0,2320000.0
030202020201,48520000.0,0.0
030202040904,0.0,40000.0
030300040104,2560000.0,0.0
030202020202,47520000.0,0.0
030202011702,59000000.0,4120000.0
030202020101,30520000.0,0.0
030300040501,87120000.0,0.0
030202020504,62080000.0,0.0
030202030704,54120000.0,0.0
030202011701,53760000.0,0.0
030202011201,66400000.0,0.0
030202011603,26200000.0,6240000.0
030202020603,72680000.0,1120000.0
030201040205,37280000.0,0.0
030202020503,18600000.0,2800000.0
030202011604,49040000.0,11760000.0
030202020505,31600000.0,40000.0
030300040103,51680000.0,0.0
030202030502,43840000.0,240000.0
030202020502,23120000.0,200000.0
030202020405,23640000.0,3320000.0
030201040202,32240000.0,0.0
030202030706,37080000.0,2600000.0
030202011703,66160000.0,200000.0
030202010903,83040000.0,14680000.0
030202030501,35360000.0,200000.0
030202030504,26280000.0,0.0
030202010902,43400000.0,11880000.0
030202011007,27440000.0,5160000.0
030202011006,28440000.0,9680000.0
030202030503,31600000.0,0.0
030202011105,63000000.0,10680000.0
030202030703,63400000.0,3440000.0
030202020501,32320000.0,40000.0
030201040701,200000.0,0.0
030202030505,28920000.0,0.0
030201040106,77880000.0,0.0
030202011602,63760000.0,24120000.0
030201040206,32280000.0,0.0
030202030705,48840000.0,2440000.0
030202030702,74120000.0,3120000.0
030201040203,19040000.0,0.0
030203010605,0.0,4160000.0
030203010606,0.0,200000.0
030300040102,46880000.0,0.0
030202011005,28320000.0,14160000.0
030202010901,121240000.0,10520000.0
030202020403,29640000.0,0.0
030201040107,22840000.0,0.0
030202011004,45160000.0,6600000.0
030202030202,20840000.0,0.0
030202011003,32480000.0,960000.0
030202030201,68280000.0,0.0
030202030605,54080000.0,0.0
030202011104,55960000.0,9880000.0
030300020609,760000.0,80000.0
030202020404,72480000.0,0.0
030202030701,49000000.0,2680000.0
030202011002,44040000.0,6840000.0
030201040204,7120000.0,0.0
030201040102,53080000.0,0.0
030202030603,89520000.0,0.0
030202011601,43960000.0,560000.0
030202020401,64680000.0,7440000.0
030202011001,37800000.0,16080000.0
030202011505,40080000.0,7240000.0
030201040109,27120000.0,0.0
030202020402,65920000.0,160000.0
030202030203,86520000.0,400000.0
030201030603,36960000.0,0.0
030202030405,29720000.0,4280000.0
030201040207,7840000.0,0.0
030201040604,400000.0,0.0
030202011504,37320000.0,200000.0
030202011101,8720000.0,0.0
030202030304,41160000.0,0.0
030201030604,48360000.0,0.0
030201030403,26640000.0,0.0
030201040103,26840000.0,2040000.0
030202030105,28000000.0,10160000.0
030202011103,25200000.0,3880000.0
030202030604,66240000.0,0.0
030201030606,24480000.0,1320000.0
030201040108,23760000.0,0.0
030202030404,20680000.0,7800000.0
030201050105,0.0,120000.0
030201040201,33400000.0,0.0
030201050104,0.0,240000.0
030202030602,62120000.0,160000.0
030202030102,19240000.0,40000.0
030202030601,25680000.0,0.0
030202030401,68680000.0,6760000.0
030201040603,2880000.0,40000.0
030201040105,36240000.0,0.0
030201030507,43400000.0,160000.0
030201030605,57960000.0,2920000.0
030201040602,21040000.0,0.0
030202030403,33480000.0,40000.0
030201040101,25000000.0,0.0
030202030302,46480000.0,120000.0
030202030104,24680000.0,0.0
030201030404,41960000.0,2920000.0
030202030402,44960000.0,200000.0
030201040505,4280000.0,0.0
030201050102,0.0,400000.0
030201030401,48120000.0,6280000.0
030201040104,38120000.0,0.0
030202011503,16760000.0,5440000.0
030201030101,51520000.0,40000.0
030201030602,56880000.0,40000.0
030201030203,64160000.0,9800000.0
030202030303,60840000.0,0.0
030201040304,55800000.0,0.0
030201030506,84560000.0,0.0
030202030301,52200000.0,0.0
030201030106,32360000.0,240000.0
030201030505,55160000.0,0.0
030201040601,79720000.0,0.0
030201040305,36400000.0,0.0
030201030402,45280000.0,160000.0
030201040503,0.0,40000.0
030202030103,80000.0,0.0
030201030503,36560000.0,0.0
030201030102,29960000.0,2640000.0
030201040404,1920000.0,14040000.0
030201030105,63640000.0,4640000.0
030201030107,21200000.0,3960000.0
030201030204,25280000.0,3320000.0
030101070403,98080000.0,0.0
030201010603,8200000.0,3600000.0
030201010606,32720000.0,13880000.0
030201050301,0.0,40000.0
030201030601,70800000.0,0.0
030201030504,52960000.0,0.0
030101070401,19680000.0,0.0
030201040302,17360000.0,0.0
030101070404,39720000.0,0.0
030201040303,93680000.0,0.0
030201030103,60640000.0,0.0
030201030104,44200000.0,40000.0
030201010604,20600000.0,0.0
030201030304,30240000.0,0.0
030201040501,0.0,160000.0
030201040403,9200000.0,8160000.0
030201040504,0.0,25800000.0
030201040402,0.0,15240000.0
030201030502,58280000.0,0.0
030201040401,22520000.0,1880000.0
030201040502,0.0,80000.0
030201010607,45000000.0,7600000.0
030201010605,29960000.0,6160000.0
030101070402,24520000.0,0.0
030201030202,45440000.0,3680000.0
030201030305,58760000.0,40000.0
030101070601,69720000.0,0.0
030201040301,59840000.0,0.0
030101070405,14520000.0,0.0
030201010503,9640000.0,3000000.0
030101070507,25680000.0,0.0
030201030501,91920000.0,0.0
030201030201,42160000.0,3000000.0
030201030303,27360000.0,0.0
030201030302,35600000.0,0.0
030201010903,49160000.0,11400000.0
030201010504,21120000.0,8800000.0
030201010904,42640000.0,5760000.0
030102050201,0.0,320000.0
030101070901,43320000.0,0.0
030201030301,24640000.0,0.0
030201010901,37000000.0,280000.0
030102050202,11240000.0,160000.0
030101070508,40120000.0,0.0
030101070603,14320000.0,0.0
030201010502,5600000.0,120000.0
030201010902,35920000.0,360000.0
030101070602,12920000.0,0.0
030101070506,44200000.0,0.0
030102050103,46960000.0,0.0
030101070509,14120000.0,0.0
030201020605,61400000.0,0.0
030101070502,4360000.0,0.0
030102050801,0.0,120000.0
030101070807,6520000.0,0.0
030101070902,38040000.0,0.0
030101070504,47840000.0,0.0
030201020601,27280000.0,160000.0
030201010803,75280000.0,4880000.0
030101070803,25560000.0,0.0
030201010801,15160000.0,3440000.0
030201020606,31520000.0,4880000.0
030102050204,1960000.0,10040000.0
030102050203,8360000.0,10120000.0
030101070806,18760000.0,0.0
030201010802,29560000.0,320000.0
030101070503,10840000.0,0.0
030102050104,56200000.0,0.0
030102050205,0.0,160000.0
030101070505,35360000.0,0.0
030101070903,32640000.0,0.0
030201020501,10360000.0,280000.0
030101070804,30160000.0,0.0
030101070805,47280000.0,0.0
030102050901,0.0,9840000.0
030201020504,35360000.0,1600000.0
030101070305,19760000.0,0.0
030102050902,0.0,120000.0
030102050106,15720000.0,0.0
030101070706,22320000.0,0.0
030201020503,17880000.0,5240000.0
030201020604,63920000.0,0.0
030102050207,7760000.0,1040000.0
030102050206,0.0,2720000.0
030101070802,42960000.0,0.0
030102050105,11800000.0,0.0
030101070501,18840000.0,0.0
030102030705,32600000.0,0.0
030201020405,58920000.0,0.0
030101070705,48280000.0,0.0
030102050904,0.0,880000.0
030101070303,21040000.0,0.0
030101070304,51160000.0,0.0
030201020602,22360000.0,0.0
030102050107,880000.0,0.0
030102050208,0.0,1200000.0
030201020603,24800000.0,0.0
030101070704,40800000.0,0.0
030102030706,13560000.0,0.0
030101070302,27280000.0,0.0
030102050102,21600000.0,0.0
030102051406,0.0,2360000.0
030102030703,23600000.0,0.0
030201020404,30440000.0,0.0
030101070801,92760000.0,0.0
030102030704,24680000.0,0.0
030101070205,21160000.0,0.0
030102050404,1120000.0,0.0
030101070702,48680000.0,0.0
030102030302,41880000.0,0.0
030101070301,39360000.0,0.0
030101070701,24560000.0,0.0
030101070703,57000000.0,0.0
030101070203,46240000.0,0.0
030102050405,360000.0,0.0
030201020402,19160000.0,0.0
030102030701,20400000.0,0.0
030102050401,27360000.0,0.0
030201020502,2720000.0,200000.0
030102050101,55880000.0,0.0
030102050403,520000.0,0.0
030101070204,28600000.0,0.0
030201020403,50400000.0,0.0
030102050402,4600000.0,0.0
030102030303,79040000.0,0.0
030102030401,29240000.0,0.0
030101070206,47680000.0,0.0
030102030403,36080000.0,0.0
030102030301,72840000.0,0.0
030102030702,36200000.0,0.0
030102050305,560000.0,0.0
030102030402,34000000.0,0.0
030102040803,42280000.0,0.0
030102030304,58320000.0,0.0
030102030605,18760000.0,0.0
030102050504,200000.0,0.0
030102040804,58560000.0,0.0
030102050302,49080000.0,0.0
030101070105,44760000.0,0.0
030102030306,32880000.0,0.0
030101070104,25480000.0,0.0
030102030404,43520000.0,0.0
030102050503,840000.0,0.0
030102040806,93760000.0,0.0
030102030305,30680000.0,0.0
030101070102,11920000.0,0.0
030102030604,33880000.0,0.0
030102030405,42320000.0,0.0
030102050709,40000.0,0.0
030102050707,160000.0,0.0
030101070201,45040000.0,0.0
030102030603,34720000.0,0.0
030102040801,24240000.0,0.0
030101070202,66080000.0,0.0
030102040807,52680000.0,0.0
030102040805,56920000.0,0.0
030102050304,1240000.0,0.0
030101070103,46520000.0,0.0
030102040802,73600000.0,0.0
030102030602,30720000.0,0.0
030101060404,36920000.0,0.0
030102050303,51560000.0,0.0
030102050502,600000.0,0.0
030101070101,32240000.0,0.0
030102030206,36240000.0,0.0
030101060401,120000.0,0.0
030102040808,72520000.0,0.0
030102030601,44720000.0,0.0
030102050501,40000.0,0.0
030101060402,45040000.0,0.0
030102040705,43040000.0,0.0
030102040906,87480000.0,0.0
030102050708,400000.0,0.0
030102030205,40480000.0,0.0
030102040907,79200000.0,0.0
030102050706,440000.0,0.0
030102040901,57240000.0,0.0
030102040704,73760000.0,0.0
030102051003,40000.0,0.0
030102040908,55320000.0,0.0
030102040701,102200000.0,0.0
030102050301,25080000.0,0.0
030102030503,28440000.0,0.0
030102030504,35520000.0,0.0
030102050705,40000.0,0.0
030102030203,22680000.0,0.0
030102030502,36920000.0,0.0
030102030202,24000000.0,0.0
030102030201,29720000.0,0.0
030102040702,76160000.0,0.0
030102050702,15520000.0,0.0
030102051002,200000.0,0.0
030102040902,50320000.0,0.0
030102040706,73120000.0,0.0
030102030204,63880000.0,0.0
030102040905,54560000.0,0.0
030102040703,109600000.0,0.0
030102050704,80000.0,0.0
030102050701,21160000.0,0.0
030102051001,120000.0,0.0
030102040904,35280000.0,0.0
030102011205,67240000.0,0.0
030102050703,400000.0,160000.0
030102040605,29680000.0,0.0
030102040404,46400000.0,0.0
030102040604,40720000.0,0.0
030102030501,73720000.0,0.0
030102051106,40000.0,0.0
030102040603,44120000.0,0.0
030102040903,103000000.0,0.0
030102040601,59600000.0,0.0
030102030103,88680000.0,0.0
030102050605,39120000.0,40000.0
030102051102,6120000.0,360000.0
030102011202,49640000.0,0.0
030102011002,47880000.0,0.0
030102011005,40240000.0,0.0
030102050606,1480000.0,880000.0
030102020505,49320000.0,0.0
030102011206,49040000.0,0.0
030102051108,2320000.0,0.0
030102030102,55480000.0,0.0
030102051207,320000.0,0.0
030102011203,18840000.0,0.0
030102011001,66280000.0,0.0
030102011003,66480000.0,0.0
030102011004,110640000.0,0.0
030102040502,600000.0,0.0
030102011201,44280000.0,0.0
030102050602,62280000.0,0.0
030102030101,69800000.0,0.0
030102011006,54160000.0,0.0
030102051104,31280000.0,0.0
030102020504,65040000.0,0.0
030102010903,44400000.0,0.0
030102051206,13640000.0,1960000.0
030102020503,50920000.0,0.0
030102050601,5120000.0,120000.0
030102050603,640000.0,0.0
030102011204,53360000.0,0.0
030102051101,44360000.0,2080000.0
030102051103,46160000.0,0.0
030102010401,4920000.0,0.0
030102010904,84160000.0,0.0
030102020502,34960000.0,0.0
030102051205,22120000.0,1920000.0
030102051204,44000000.0,1480000.0
030102010403,100760000.0,0.0
030102010905,28720000.0,0.0
030102020501,60120000.0,0.0
030102050604,13680000.0,2840000.0
030102051303,20360000.0,440000.0
030102010404,26800000.0,0.0
030102020403,75040000.0,0.0
030102010902,75880000.0,0.0
030102011103,105400000.0,0.0
030102010602,25840000.0,0.0
030102020402,40000000.0,0.0
030102051302,4800000.0,0.0
030102010901,36600000.0,0.0
030102051201,54400000.0,5320000.0
030102051202,23760000.0,3400000.0
030102011102,37360000.0,0.0
030102051203,36680000.0,600000.0
030102020304,106200000.0,0.0
030102010603,18360000.0,0.0
030102010802,59880000.0,0.0
030102020401,66440000.0,0.0
030102051301,29760000.0,0.0
030102010703,16920000.0,0.0
030102011101,67800000.0,0.0
030102010801,60280000.0,0.0
030102010803,69240000.0,0.0
030102020301,61800000.0,0.0
030102020103,65720000.0,0.0
030102020203,105560000.0,0.0
030102020201,40760000.0,0.0
030102020303,67320000.0,0.0
030102020101,45240000.0,0.0
030102020202,44600000.0,0.0
030102020302,54080000.0,0.0
030102020204,108360000.0,0.0
030102020102,96880000.0,0.0
020802071001,3240000.0,0.0
020802080101,10400000.0,0.0
020802080102,7240000.0,0.0
020802080105,3280000.0,0.0
020802080201,40000.0,0.0
020802080103,5240000.0,0.0
020802080104,320000.0,0.0
020802060903,160000.0,0.0
020801080201,40000.0,0.0
020802060803,240000.0,0.0
020802060703,80000.0,0.0
020802060301,640000.0,0.0
020802060304,600000.0,0.0
020802060303,8320000.0,0.0
020802060202,2720000.0,0.0
020802060701,120000.0,0.0
020802060704,120000.0,0.0
020802060201,9880000.0,0.0
031102060702,102840000.0,0.0
031101020702,85920000.0,0.0
031102060301,50960000.0,2040000.0
031102060304,13960000.0,15840000.0
031102060303,4000000.0,28640000.0
031102060203,84000000.0,0.0
031102010803,58160000.0,640000.0
031200010502,45760000.0,0.0
030702040404,122600000.0,0.0
031102010901,47160000.0,35120000.0
030702040405,52440000.0,40000.0
030702050201,91720000.0,0.0
030702050203,58720000.0,0.0
031102020907,53360000.0,600000.0
030702040205,440000.0,40840000.0
030702040204,0.0,38400000.0
031102020908,62240000.0,1360000.0
031200020804,10960000.0,2080000.0
031300100804,34440000.0,30520000.0
031200020806,43520000.0,0.0
031102021103,75160000.0,0.0
031102020905,38240000.0,0.0
031102020906,30360000.0,0.0
031200020805,43480000.0,0.0
031102020904,51200000.0,0.0
030702011203,62960000.0,11560000.0
030702011204,8280000.0,18160000.0
031300090706,26960000.0,0.0
031300090705,66760000.0,0.0
031102020504,68040000.0,0.0
031300090703,25720000.0,0.0
031300090704,66000000.0,0.0
030602040606,1680000.0,0.0
031300031314,77200000.0,0.0
030602040604,1000000.0,12320000.0
030602040603,2480000.0,1360000.0
031300060408,11760000.0,0.0
030602040605,0.0,280000.0
030701050404,49920000.0,25840000.0
030701050306,3960000.0,54840000.0
030602020606,14720000.0,41480000.0
030701050305,81000000.0,480000.0
030601090503,40000.0,0.0
030602030311,18840000.0,7480000.0
030601090501,640000.0,19320000.0
031300051308,52520000.0,0.0
031300051307,35760000.0,0.0
031300051306,28000000.0,0.0
030601090502,151440000.0,35080000.0
030601090403,0.0,27880000.0
030601090404,0.0,45960000.0
030601090401,0.0,33120000.0
030601090206,36640000.0,0.0
030601090402,0.0,72480000.0
030601090205,65560000.0,0.0
030601061406,50320000.0,0.0
030601061401,37120000.0,95120000.0
031501080705,36560000.0,0.0
031501080706,25760000.0,0.0
030601061106,1120000.0,52880000.0
030601061105,45760000.0,31480000.0
031501080804,31840000.0,0.0
030601060507,3440000.0,31120000.0
030601060512,30160000.0,19120000.0
030601061101,9640000.0,55440000.0
030601060511,69360000.0,8760000.0
030601060510,84400000.0,0.0
030601060514,61960000.0,0.0
030601060515,62280000.0,120000.0
030601060513,74080000.0,33840000.0
030601060509,76200000.0,0.0
030601060508,122480000.0,25880000.0
030601060305,149800000.0,0.0
030601060304,69960000.0,0.0
030601031010,440000.0,0.0
030601030614,0.0,1280000.0
031501080501,20200000.0,12440000.0
