HUC12,VALUE_0,VALUE_1,VALUE_2,VALUE_3,VALUE_4,VALUE_5
031403010101,0.0,0.0,0.0,0.0,400000.0,0.0
031501100701,80000.0,0.0,0.0,0.0,12840000.0,0.0
030701031403,440000.0,0.0,0.0,0.0,3960000.0,0.0
030701031602,2080000.0,1120000.0,920000.0,4560000.0,5560000.0,2960000.0
030701031501,280000.0,0.0,0.0,0.0,3240000.0,0.0
031300051001,1400000.0,0.0,0.0,0.0,20640000.0,0.0
030701031604,240000.0,0.0,0.0,0.0,9440000.0,0.0
031300050904,3080000.0,0.0,0.0,720000.0,25600000.0,0.0
030701031306,0.0,0.0,0.0,0.0,2360000.0,0.0
030701031601,11400000.0,3960000.0,4520000.0,9120000.0,42560000.0,4200000.0
030701031402,40000.0,0.0,0.0,0.0,1360000.0,0.0
030701031401,5360000.0,0.0,0.0,0.0,37760000.0,0.0
031300050903,840000.0,0.0,0.0,0.0,9760000.0,0.0
030701031307,560000.0,360000.0,480000.0,1120000.0,11200000.0,160000.0
030701031603,6200000.0,1920000.0,1720000.0,4480000.0,42640000.0,440000.0
030701020501,2720000.0,0.0,0.0,0.0,16920000.0,0.0
031300020703,80000.0,0.0,400000.0,320000.0,0.0,0.0
030701031203,1240000.0,680000.0,1040000.0,2760000.0,26240000.0,200000.0
031300050501,40000.0,0.0,0.0,120000.0,560000.0,0.0
031300050402,80000.0,0.0,0.0,0.0,1400000.0,0.0
031300020702,2480000.0,0.0,440000.0,2880000.0,25760000.0,0.0
030701031201,5200000.0,0.0,0.0,0.0,41960000.0,0.0
030701031202,160000.0,0.0,0.0,0.0,1880000.0,0.0
030701011703,480000.0,0.0,0.0,0.0,15640000.0,0.0
031300050601,1960000.0,0.0,0.0,0.0,24200000.0,0.0
031300050304,600000.0,0.0,0.0,0.0,4160000.0,0.0
031300050902,4920000.0,0.0,0.0,0.0,33280000.0,0.0
030701031204,80000.0,0.0,0.0,0.0,7680000.0,0.0
031300020701,3440000.0,0.0,0.0,1240000.0,33720000.0,0.0
031300050108,200000.0,0.0,0.0,0.0,9280000.0,0.0
031300050901,17600000.0,0.0,0.0,0.0,35040000.0,0.0
030701031105,3320000.0,0.0,0.0,0.0,24800000.0,0.0
031300020501,3680000.0,120000.0,520000.0,2640000.0,61600000.0,0.0
031300050303,1640000.0,0.0,0.0,0.0,15320000.0,0.0
031300050305,3080000.0,0.0,0.0,0.0,30640000.0,0.0
030701031005,800000.0,240000.0,520000.0,1880000.0,2960000.0,0.0
030701031104,10800000.0,0.0,0.0,0.0,35640000.0,0.0
031300020503,5000000.0,1120000.0,1800000.0,8960000.0,39280000.0,400000.0
030701031302,0.0,920000.0,880000.0,280000.0,0.0,240000.0
031300050206,7920000.0,0.0,0.0,0.0,69880000.0,0.0
030701031004,4320000.0,1920000.0,2560000.0,5720000.0,48160000.0,2000000.0
030701031006,680000.0,0.0,0.0,0.0,13080000.0,0.0
031300050107,23400000.0,0.0,0.0,0.0,68000000.0,0.0
030701031106,520000.0,0.0,0.0,0.0,18400000.0,0.0
031300020502,9240000.0,0.0,0.0,0.0,36080000.0,0.0
030701011701,1280000.0,1600000.0,2400000.0,5960000.0,7440000.0,480000.0
031300050302,14440000.0,400000.0,560000.0,1880000.0,60720000.0,0.0
030701031001,8400000.0,0.0,0.0,0.0,56840000.0,0.0
030701031102,7000000.0,1040000.0,1960000.0,6800000.0,68320000.0,480000.0
030701011606,440000.0,0.0,0.0,0.0,14960000.0,0.0
031300050106,2280000.0,0.0,0.0,280000.0,22800000.0,0.0
031300020403,24480000.0,0.0,0.0,0.0,58040000.0,0.0
030701031003,600000.0,4040000.0,2520000.0,1760000.0,3360000.0,8560000.0
031300050301,25200000.0,0.0,0.0,0.0,20160000.0,0.0
030701031101,10560000.0,1160000.0,2280000.0,6800000.0,54200000.0,240000.0
031300050205,22120000.0,920000.0,2960000.0,10920000.0,64640000.0,200000.0
030701031103,24200000.0,120000.0,280000.0,1560000.0,39240000.0,40000.0
031300050105,13880000.0,0.0,0.0,0.0,38200000.0,0.0
030701011503,4600000.0,480000.0,1480000.0,4800000.0,10760000.0,200000.0
030701030903,1080000.0,0.0,0.0,0.0,33080000.0,0.0
030701011604,4840000.0,0.0,0.0,2840000.0,40760000.0,0.0
031300020401,720000.0,0.0,0.0,80000.0,13800000.0,0.0
030701030901,13920000.0,640000.0,960000.0,2760000.0,40200000.0,80000.0
031300050202,16840000.0,40000.0,440000.0,1520000.0,42320000.0,0.0
030701011501,480000.0,3640000.0,2080000.0,2360000.0,200000.0,8200000.0
030701030902,7880000.0,0.0,400000.0,2160000.0,72560000.0,0.0
030701011605,1880000.0,0.0,0.0,0.0,20600000.0,0.0
031300050203,39920000.0,960000.0,1200000.0,3920000.0,34200000.0,200000.0
031300050104,36920000.0,680000.0,2560000.0,9280000.0,57080000.0,40000.0
031300020404,520000.0,0.0,0.0,0.0,16640000.0,0.0
030701011803,3720000.0,320000.0,1080000.0,4000000.0,12520000.0,40000.0
030701030302,22160000.0,720000.0,1040000.0,3400000.0,37560000.0,120000.0
031300020402,10400000.0,1080000.0,1760000.0,4320000.0,100400000.0,400000.0
030701011802,80000.0,0.0,0.0,0.0,6800000.0,0.0
031501090405,80000.0,0.0,0.0,0.0,920000.0,0.0
030701030303,40720000.0,80000.0,280000.0,1560000.0,61400000.0,0.0
031300050201,31280000.0,440000.0,560000.0,1640000.0,54280000.0,240000.0
031300020310,200000.0,0.0,0.0,0.0,7040000.0,0.0
031300050204,35160000.0,240000.0,440000.0,1120000.0,58480000.0,120000.0
030701030203,60760000.0,3520000.0,1720000.0,4360000.0,29120000.0,15280000.0
030701030204,15320000.0,0.0,0.0,0.0,31520000.0,0.0
030701011502,1320000.0,7440000.0,5280000.0,1720000.0,40000.0,15080000.0
031300020312,880000.0,0.0,0.0,0.0,14560000.0,0.0
031300020311,1920000.0,0.0,0.0,0.0,51560000.0,0.0
030701030301,4680000.0,1720000.0,3720000.0,10480000.0,25480000.0,160000.0
030701030603,4280000.0,0.0,0.0,440000.0,49080000.0,0.0
031300020307,10600000.0,1440000.0,2280000.0,8960000.0,34720000.0,1440000.0
031300020305,3600000.0,1280000.0,2240000.0,6720000.0,16280000.0,440000.0
031300050102,34440000.0,640000.0,1120000.0,2080000.0,9120000.0,160000.0
030701030305,12040000.0,480000.0,960000.0,2120000.0,75720000.0,80000.0
031300050103,52680000.0,760000.0,1560000.0,2640000.0,35640000.0,120000.0
030701030802,2400000.0,360000.0,880000.0,2800000.0,21200000.0,40000.0
030701030202,27520000.0,0.0,0.0,560000.0,51200000.0,0.0
030701030201,46960000.0,80000.0,480000.0,1520000.0,11040000.0,0.0
031300020303,25360000.0,5640000.0,9680000.0,18400000.0,13680000.0,1200000.0
030701011406,120000.0,0.0,0.0,0.0,6480000.0,0.0
031300020306,13880000.0,0.0,0.0,0.0,30880000.0,0.0
031300050101,110880000.0,400000.0,1440000.0,2240000.0,10640000.0,80000.0
030701030803,240000.0,0.0,0.0,0.0,8720000.0,0.0
030701011104,280000.0,0.0,0.0,0.0,11720000.0,0.0
030701011103,760000.0,0.0,0.0,0.0,8040000.0,0.0
030601080101,3680000.0,0.0,0.0,0.0,14080000.0,0.0
030701030801,10680000.0,0.0,80000.0,1040000.0,22800000.0,0.0
030701011407,5960000.0,0.0,0.0,0.0,22800000.0,0.0
031300020302,63240000.0,1400000.0,1640000.0,4760000.0,38960000.0,480000.0
031300020308,7880000.0,0.0,0.0,0.0,55040000.0,0.0
031300020301,13480000.0,3120000.0,4400000.0,7080000.0,31320000.0,2120000.0
030701030107,16680000.0,4280000.0,6240000.0,14960000.0,46040000.0,3680000.0
030701011402,0.0,0.0,0.0,80000.0,0.0,0.0
030601080102,40000.0,0.0,0.0,0.0,0.0,0.0
031300020309,11920000.0,0.0,0.0,0.0,80720000.0,0.0
030701011405,1880000.0,0.0,0.0,120000.0,19160000.0,0.0
030701011002,6360000.0,80000.0,440000.0,1560000.0,35920000.0,0.0
030701030601,48080000.0,840000.0,2080000.0,10000000.0,53680000.0,680000.0
030701030304,44480000.0,0.0,320000.0,2200000.0,48080000.0,40000.0
030701011401,4480000.0,1160000.0,1640000.0,4640000.0,19440000.0,1040000.0
031300020304,44480000.0,1400000.0,2640000.0,5440000.0,20400000.0,600000.0
030701011102,2360000.0,0.0,0.0,0.0,30160000.0,0.0
030701030106,24680000.0,2600000.0,3040000.0,6040000.0,26520000.0,4440000.0
030701030101,55160000.0,560000.0,1320000.0,3040000.0,4920000.0,240000.0
031300020103,61760000.0,3480000.0,5880000.0,9880000.0,6560000.0,1680000.0
030701010907,40000.0,400000.0,440000.0,120000.0,0.0,40000.0
030701011303,3640000.0,0.0,0.0,440000.0,53720000.0,0.0
030601050301,7400000.0,0.0,0.0,40000.0,43800000.0,0.0
030701030102,74200000.0,560000.0,2120000.0,4120000.0,9160000.0,400000.0
031300020104,33920000.0,1280000.0,1680000.0,4560000.0,5080000.0,600000.0
030701030105,49560000.0,6640000.0,5480000.0,12320000.0,22920000.0,5960000.0
030701010706,120000.0,400000.0,720000.0,1400000.0,1040000.0,440000.0
030701011302,2600000.0,120000.0,520000.0,3640000.0,15200000.0,0.0
030701011101,7400000.0,40000.0,440000.0,2760000.0,46800000.0,0.0
030701030103,77680000.0,0.0,0.0,40000.0,22360000.0,0.0
030701030502,28040000.0,200000.0,760000.0,4160000.0,38360000.0,40000.0
030701030707,4760000.0,2880000.0,4240000.0,11560000.0,38880000.0,880000.0
031300020201,560000.0,0.0,0.0,0.0,1120000.0,0.0
030701010705,720000.0,3960000.0,4520000.0,7360000.0,3080000.0,2720000.0
031300020203,10440000.0,0.0,0.0,0.0,11640000.0,0.0
030601050302,80000.0,0.0,0.0,0.0,5440000.0,0.0
030701011306,120000.0,0.0,0.0,0.0,3000000.0,0.0
030701030708,4360000.0,840000.0,1240000.0,4480000.0,49040000.0,80000.0
031300020101,60840000.0,200000.0,440000.0,1920000.0,9760000.0,240000.0
031300020208,62840000.0,3280000.0,4440000.0,7160000.0,23080000.0,8240000.0
030701030602,7960000.0,760000.0,1720000.0,6200000.0,55440000.0,40000.0
031300011204,56000000.0,160000.0,200000.0,440000.0,5520000.0,120000.0
030601050402,5880000.0,0.0,880000.0,3720000.0,25640000.0,0.0
030701030104,79040000.0,0.0,40000.0,320000.0,17880000.0,0.0
030701011301,2040000.0,0.0,0.0,40000.0,37040000.0,0.0
030601050201,0.0,0.0,0.0,0.0,280000.0,0.0
030701011304,280000.0,0.0,0.0,0.0,15120000.0,0.0
031300011202,65320000.0,360000.0,400000.0,720000.0,9600000.0,80000.0
031300011106,16640000.0,920000.0,1680000.0,2520000.0,760000.0,680000.0
030701030501,38160000.0,2320000.0,3640000.0,9400000.0,40080000.0,1320000.0
031300020102,65320000.0,200000.0,120000.0,520000.0,17000000.0,40000.0
030701010904,160000.0,0.0,0.0,0.0,8120000.0,0.0
030701030705,14080000.0,40000.0,640000.0,2680000.0,35280000.0,0.0
030601050204,5360000.0,0.0,0.0,0.0,30520000.0,0.0
030701030706,17600000.0,160000.0,600000.0,1680000.0,60280000.0,0.0
030701010905,400000.0,0.0,0.0,0.0,4760000.0,0.0
030701010903,13840000.0,80000.0,160000.0,1520000.0,43840000.0,40000.0
031300020207,1840000.0,0.0,0.0,0.0,360000.0,0.0
031300011105,23960000.0,2120000.0,1680000.0,2640000.0,5520000.0,5160000.0
030701010704,800000.0,1480000.0,2280000.0,4400000.0,800000.0,320000.0
031300011104,45600000.0,80000.0,80000.0,360000.0,3200000.0,480000.0
030701010605,200000.0,1560000.0,2960000.0,4280000.0,1360000.0,440000.0
030701030703,10200000.0,0.0,0.0,0.0,26560000.0,0.0
030701030403,45480000.0,0.0,0.0,0.0,10560000.0,0.0
030701010606,80000.0,0.0,0.0,0.0,6200000.0,0.0
030601050104,40000.0,0.0,0.0,0.0,1360000.0,0.0
031300011201,89720000.0,200000.0,400000.0,1680000.0,6960000.0,120000.0
030701030503,47440000.0,1280000.0,2400000.0,4960000.0,23680000.0,80000.0
030601050202,2520000.0,0.0,0.0,0.0,45840000.0,0.0
030601050205,320000.0,0.0,0.0,0.0,6280000.0,0.0
031300011203,76840000.0,720000.0,1240000.0,3640000.0,12720000.0,880000.0
031300020206,200000.0,0.0,0.0,0.0,80000.0,0.0
030701010902,2560000.0,1840000.0,4000000.0,9800000.0,17880000.0,360000.0
030701010901,1520000.0,1200000.0,2320000.0,4720000.0,9080000.0,440000.0
030701030704,8800000.0,0.0,0.0,0.0,73440000.0,0.0
030701030401,50160000.0,120000.0,360000.0,1360000.0,3360000.0,40000.0
030701010804,8240000.0,360000.0,1240000.0,4240000.0,40880000.0,40000.0
030701030405,63400000.0,0.0,0.0,0.0,11400000.0,0.0
030701010305,15600000.0,0.0,0.0,360000.0,31280000.0,0.0
030701010805,2560000.0,1120000.0,1880000.0,2640000.0,26440000.0,280000.0
030701030702,24760000.0,0.0,0.0,40000.0,29800000.0,0.0
031300011103,66720000.0,560000.0,1560000.0,3280000.0,8920000.0,1400000.0
031501040807,80000.0,0.0,0.0,0.0,0.0,0.0
030701010306,18640000.0,0.0,80000.0,1040000.0,15920000.0,0.0
031300011101,44000000.0,3840000.0,1920000.0,3640000.0,3440000.0,6360000.0
030701030402,51360000.0,80000.0,120000.0,360000.0,8800000.0,0.0
031300010907,84000000.0,4520000.0,3360000.0,5360000.0,7360000.0,5360000.0
030701010304,12120000.0,2120000.0,3800000.0,11240000.0,21280000.0,760000.0
031300011102,32840000.0,40000.0,120000.0,1400000.0,8520000.0,0.0
030701010803,17040000.0,1880000.0,2560000.0,7120000.0,26920000.0,6880000.0
030701010802,14160000.0,0.0,0.0,0.0,36200000.0,0.0
030701010602,1960000.0,3680000.0,5040000.0,15640000.0,11440000.0,2800000.0
030701030701,47160000.0,440000.0,880000.0,3000000.0,16960000.0,40000.0
031300010905,38800000.0,2360000.0,2120000.0,5000000.0,4160000.0,2480000.0
030701030404,50000000.0,0.0,0.0,80000.0,11600000.0,0.0
030701010303,9280000.0,1400000.0,1640000.0,4920000.0,29240000.0,600000.0
030701010801,25560000.0,80000.0,200000.0,680000.0,27520000.0,0.0
031300011003,34520000.0,120000.0,0.0,800000.0,3480000.0,0.0
030701010601,21440000.0,3360000.0,5960000.0,15000000.0,42240000.0,880000.0
030701010307,47640000.0,4240000.0,6240000.0,13560000.0,23480000.0,4400000.0
031300011004,39000000.0,80000.0,440000.0,400000.0,7680000.0,1040000.0
031501040806,27840000.0,0.0,0.0,0.0,7680000.0,0.0
031300010906,26720000.0,0.0,0.0,0.0,5440000.0,0.0
030701010302,14880000.0,0.0,40000.0,400000.0,40560000.0,0.0
031501040804,33680000.0,0.0,0.0,0.0,23280000.0,0.0
031501040808,11920000.0,0.0,0.0,0.0,4480000.0,0.0
030701010203,26840000.0,1840000.0,2120000.0,4120000.0,36400000.0,2040000.0
030701010505,41480000.0,2880000.0,2840000.0,5440000.0,13760000.0,2920000.0
031501040803,19920000.0,0.0,0.0,0.0,28160000.0,0.0
031300010902,49120000.0,1480000.0,2440000.0,4360000.0,17800000.0,1000000.0
030601040404,1000000.0,0.0,0.0,480000.0,11600000.0,0.0
030701010301,5800000.0,1520000.0,1680000.0,6480000.0,34920000.0,960000.0
031501041004,0.0,0.0,0.0,40000.0,0.0,240000.0
030701010205,8440000.0,800000.0,1680000.0,5400000.0,34560000.0,160000.0
031300010903,32560000.0,680000.0,1440000.0,5160000.0,14360000.0,120000.0
030601040403,5800000.0,0.0,360000.0,3600000.0,31520000.0,0.0
031501040809,25880000.0,0.0,0.0,400000.0,20560000.0,0.0
030701010204,21720000.0,0.0,0.0,40000.0,64440000.0,0.0
031501041203,0.0,0.0,0.0,120000.0,320000.0,0.0
031300010904,49720000.0,200000.0,400000.0,1040000.0,18320000.0,1000000.0
031300011002,51080000.0,0.0,0.0,0.0,24760000.0,0.0
030701010501,9200000.0,1360000.0,2960000.0,11480000.0,25800000.0,880000.0
030701010202,29080000.0,440000.0,840000.0,3000000.0,25560000.0,80000.0
030701010504,10040000.0,3240000.0,4720000.0,8280000.0,22200000.0,2120000.0
031300010901,47520000.0,1800000.0,2000000.0,5640000.0,22400000.0,4400000.0
031501040802,29360000.0,0.0,0.0,0.0,31000000.0,0.0
031501041001,13240000.0,6760000.0,4720000.0,6600000.0,5400000.0,8000000.0
030701010106,13800000.0,1120000.0,1920000.0,7400000.0,37080000.0,240000.0
030601040604,40000.0,0.0,0.0,0.0,1760000.0,0.0
030601040402,9760000.0,360000.0,920000.0,5760000.0,35080000.0,40000.0
030701010503,1360000.0,0.0,0.0,680000.0,6920000.0,0.0
031501040801,7920000.0,440000.0,1320000.0,5400000.0,38160000.0,40000.0
031501040805,30000000.0,0.0,0.0,0.0,63360000.0,0.0
031501040604,15560000.0,0.0,0.0,520000.0,37200000.0,0.0
030701010105,13720000.0,0.0,0.0,1400000.0,57760000.0,0.0
031300011001,41680000.0,520000.0,1040000.0,3480000.0,40440000.0,40000.0
030601040605,240000.0,0.0,0.0,0.0,3000000.0,0.0
030701010201,43680000.0,1400000.0,2000000.0,5720000.0,52080000.0,1560000.0
030701010405,13400000.0,0.0,0.0,0.0,59160000.0,0.0
031501040605,10640000.0,5000000.0,4200000.0,4160000.0,6720000.0,6720000.0
030601040603,10440000.0,0.0,160000.0,1840000.0,51000000.0,0.0
031300010804,18840000.0,0.0,0.0,0.0,21320000.0,0.0
030701010406,9960000.0,0.0,0.0,0.0,57880000.0,0.0
030701010502,4360000.0,0.0,0.0,0.0,22080000.0,0.0
031501040602,7040000.0,960000.0,1480000.0,4080000.0,21200000.0,160000.0
031501040603,16880000.0,320000.0,1280000.0,4240000.0,30120000.0,80000.0
031501040305,18240000.0,1080000.0,960000.0,2560000.0,51160000.0,360000.0
030601040602,3440000.0,0.0,0.0,0.0,32720000.0,0.0
030701010102,4920000.0,0.0,0.0,0.0,33200000.0,0.0
030701010104,21240000.0,2280000.0,3640000.0,6240000.0,25520000.0,5360000.0
031300010806,4560000.0,0.0,0.0,0.0,16440000.0,0.0
031501040601,9600000.0,4040000.0,4360000.0,10880000.0,29040000.0,4000000.0
030701010404,5080000.0,0.0,0.0,0.0,27160000.0,0.0
030701010101,7760000.0,0.0,80000.0,640000.0,33120000.0,0.0
031300010805,5200000.0,0.0,0.0,0.0,21080000.0,0.0
031300010803,29360000.0,0.0,0.0,320000.0,17040000.0,0.0
030601030510,40000.0,1720000.0,280000.0,0.0,0.0,2920000.0
030701010103,17080000.0,2680000.0,4400000.0,11880000.0,31400000.0,1160000.0
031300010802,8240000.0,0.0,0.0,0.0,24040000.0,0.0
030601070102,120000.0,0.0,0.0,0.0,1040000.0,0.0
031501040304,15320000.0,0.0,0.0,0.0,37240000.0,0.0
031501040303,3640000.0,2000000.0,2880000.0,9680000.0,16760000.0,1720000.0
031300010705,3720000.0,0.0,0.0,0.0,8840000.0,0.0
030601070105,840000.0,0.0,0.0,0.0,4840000.0,0.0
031300010704,5120000.0,0.0,0.0,0.0,19880000.0,0.0
030601040211,40000.0,0.0,0.0,0.0,1080000.0,0.0
030601040207,16920000.0,840000.0,1360000.0,3640000.0,49840000.0,120000.0
031501040306,4560000.0,4520000.0,4120000.0,5840000.0,34560000.0,3320000.0
030601040208,880000.0,0.0,0.0,0.0,8520000.0,0.0
031501040301,1520000.0,2120000.0,4680000.0,10320000.0,6760000.0,1760000.0
030601040303,1440000.0,0.0,0.0,0.0,14720000.0,0.0
030701010402,2200000.0,0.0,0.0,0.0,40440000.0,0.0
030601040301,1360000.0,200000.0,600000.0,1840000.0,14040000.0,0.0
030601040204,360000.0,0.0,0.0,0.0,5760000.0,0.0
031300010801,23880000.0,280000.0,800000.0,1320000.0,20440000.0,40000.0
030601030505,12080000.0,1440000.0,1680000.0,4400000.0,25280000.0,360000.0
030501090703,4360000.0,0.0,0.0,0.0,34240000.0,0.0
031300010703,5480000.0,0.0,0.0,0.0,19200000.0,0.0
031501040107,8520000.0,3480000.0,3520000.0,7000000.0,30960000.0,12920000.0
030701010403,600000.0,0.0,0.0,0.0,12760000.0,0.0
030601070101,14560000.0,0.0,0.0,0.0,47480000.0,0.0
031300010702,13280000.0,0.0,0.0,0.0,37200000.0,0.0
030601040206,800000.0,0.0,0.0,0.0,9600000.0,0.0
030601030507,13680000.0,3440000.0,3360000.0,6360000.0,20200000.0,6960000.0
030601030504,1360000.0,320000.0,760000.0,2680000.0,19120000.0,0.0
030701010401,14080000.0,0.0,0.0,1480000.0,74560000.0,0.0
031300010305,17200000.0,6160000.0,5880000.0,11400000.0,14320000.0,6080000.0
030601040205,2920000.0,0.0,280000.0,1240000.0,41880000.0,0.0
031300010404,12240000.0,0.0,0.0,0.0,36800000.0,0.0
030501090702,18360000.0,0.0,0.0,0.0,44160000.0,0.0
030601030503,1520000.0,2600000.0,1880000.0,3400000.0,24440000.0,2600000.0
030601040202,840000.0,0.0,0.0,0.0,5640000.0,0.0
031501040105,2440000.0,0.0,0.0,0.0,30640000.0,0.0
030601030502,280000.0,0.0,0.0,0.0,5120000.0,0.0
030601030506,640000.0,5640000.0,3520000.0,3520000.0,15840000.0,8600000.0
031300010701,4080000.0,0.0,0.0,0.0,28280000.0,0.0
030501091306,360000.0,0.0,0.0,0.0,40000.0,0.0
030501090701,31600000.0,0.0,0.0,0.0,69880000.0,0.0
030501091308,440000.0,0.0,0.0,0.0,4720000.0,0.0
030601040109,3120000.0,0.0,560000.0,4040000.0,20240000.0,0.0
030501060708,40000.0,0.0,0.0,0.0,440000.0,0.0
030601040108,3840000.0,2520000.0,2720000.0,5760000.0,16880000.0,2120000.0
030501090808,1760000.0,0.0,0.0,0.0,9720000.0,0.0
030501060702,1160000.0,0.0,0.0,0.0,24040000.0,0.0
031300010604,1360000.0,0.0,0.0,0.0,24240000.0,0.0
030601030605,0.0,0.0,0.0,0.0,120000.0,0.0
030501091205,360000.0,0.0,0.0,0.0,16320000.0,0.0
031300010304,6400000.0,5320000.0,4720000.0,7920000.0,33440000.0,2720000.0
030601040201,4240000.0,6800000.0,7320000.0,13160000.0,23600000.0,11640000.0
031300010403,3840000.0,0.0,0.0,160000.0,33000000.0,0.0
031300010402,5280000.0,0.0,0.0,0.0,30040000.0,0.0
030601040107,720000.0,0.0,0.0,0.0,5320000.0,0.0
031501040104,1320000.0,0.0,0.0,0.0,12720000.0,0.0
030501091203,80000.0,0.0,0.0,0.0,3120000.0,0.0
030601030402,200000.0,0.0,0.0,440000.0,3640000.0,0.0
031300010401,560000.0,0.0,0.0,0.0,13680000.0,0.0
030501090807,4560000.0,0.0,0.0,0.0,26320000.0,0.0
030501060701,1080000.0,0.0,0.0,0.0,12640000.0,0.0
030601030206,2680000.0,0.0,0.0,0.0,19440000.0,0.0
031300010601,3160000.0,280000.0,440000.0,1880000.0,23680000.0,120000.0
031300010303,22920000.0,1760000.0,3040000.0,6960000.0,63960000.0,560000.0
031501040103,280000.0,0.0,40000.0,360000.0,560000.0,0.0
030601030601,760000.0,0.0,0.0,0.0,9600000.0,0.0
030601040106,640000.0,0.0,0.0,0.0,3080000.0,0.0
030601040103,360000.0,2600000.0,680000.0,0.0,0.0,8240000.0
030501060703,80000.0,0.0,0.0,0.0,20000000.0,0.0
031300010505,2200000.0,0.0,0.0,40000.0,23880000.0,0.0
030501090804,880000.0,0.0,0.0,0.0,2720000.0,0.0
030501060404,6200000.0,0.0,160000.0,1960000.0,42000000.0,0.0
030501091206,22240000.0,0.0,0.0,520000.0,64320000.0,0.0
031300010301,840000.0,0.0,280000.0,1560000.0,8160000.0,0.0
031300010302,8240000.0,1200000.0,1960000.0,3360000.0,54160000.0,480000.0
030501090803,1920000.0,0.0,0.0,0.0,22000000.0,0.0
030501090906,80000.0,0.0,0.0,0.0,6040000.0,0.0
031300010603,6080000.0,3320000.0,2840000.0,5160000.0,32760000.0,4920000.0
030501040205,120000.0,0.0,0.0,0.0,2200000.0,0.0
030601040101,3840000.0,8480000.0,4960000.0,6120000.0,2280000.0,49480000.0
030601030602,5800000.0,0.0,0.0,0.0,41720000.0,0.0
030501060507,320000.0,0.0,0.0,0.0,6680000.0,0.0
030601040105,9680000.0,5120000.0,4440000.0,7840000.0,26720000.0,9520000.0
030501090903,0.0,0.0,0.0,0.0,320000.0,0.0
030501060601,1520000.0,0.0,0.0,0.0,40640000.0,0.0
031300010205,17720000.0,1400000.0,2600000.0,5880000.0,48680000.0,720000.0
030501090904,280000.0,0.0,0.0,0.0,13880000.0,0.0
031300010602,6120000.0,4440000.0,3560000.0,5560000.0,21400000.0,6080000.0
030601030401,42560000.0,0.0,320000.0,2200000.0,91960000.0,0.0
030501060602,760000.0,0.0,0.0,0.0,20360000.0,0.0
031300010502,0.0,880000.0,560000.0,800000.0,120000.0,1200000.0
030601030204,4800000.0,520000.0,1280000.0,4600000.0,34800000.0,80000.0
030501060505,1560000.0,0.0,0.0,0.0,15480000.0,0.0
031300010206,2120000.0,80000.0,520000.0,2000000.0,24520000.0,0.0
030501080402,480000.0,1320000.0,1240000.0,3080000.0,4160000.0,1760000.0
030501080501,1640000.0,5160000.0,5840000.0,5400000.0,1280000.0,4600000.0
030501060402,280000.0,0.0,0.0,1240000.0,2240000.0,0.0
031300010106,1200000.0,3640000.0,2920000.0,6960000.0,10320000.0,3280000.0
031300010504,9960000.0,6240000.0,8280000.0,10880000.0,17440000.0,5080000.0
030601010804,3400000.0,4400000.0,5000000.0,6800000.0,1000000.0,3880000.0
030601020506,480000.0,0.0,200000.0,560000.0,1800000.0,0.0
030501091204,14720000.0,0.0,0.0,40000.0,51280000.0,0.0
030501080401,2000000.0,1520000.0,2880000.0,9800000.0,21280000.0,1320000.0
030501090503,1920000.0,0.0,0.0,0.0,28800000.0,0.0
030501090902,3440000.0,0.0,0.0,0.0,30760000.0,0.0
030601030203,40520000.0,80000.0,440000.0,1520000.0,63520000.0,0.0
031300010204,6400000.0,1000000.0,1760000.0,5120000.0,26080000.0,640000.0
030601020401,5760000.0,18600000.0,10080000.0,7640000.0,2320000.0,23760000.0
030501090802,9560000.0,0.0,0.0,0.0,70920000.0,0.0
030501040203,0.0,0.0,0.0,0.0,40000.0,0.0
031300010503,720000.0,200000.0,320000.0,520000.0,5800000.0,40000.0
030501090905,8560000.0,0.0,0.0,0.0,57400000.0,0.0
030601010704,39520000.0,3520000.0,3600000.0,7440000.0,39880000.0,5800000.0
030501090805,1360000.0,0.0,0.0,0.0,27680000.0,0.0
031300010103,80000.0,80000.0,80000.0,200000.0,0.0,40000.0
030501080302,520000.0,1320000.0,2240000.0,2200000.0,0.0,1120000.0
030501060504,8000000.0,0.0,0.0,0.0,38240000.0,0.0
031300010203,1120000.0,600000.0,880000.0,2520000.0,11560000.0,200000.0
030601030202,21440000.0,0.0,0.0,680000.0,89000000.0,0.0
030601010503,4240000.0,0.0,120000.0,1240000.0,21200000.0,0.0
031300010202,440000.0,400000.0,960000.0,3840000.0,5040000.0,40000.0
030501090901,18800000.0,0.0,0.0,0.0,54280000.0,0.0
030501080303,5360000.0,1280000.0,1800000.0,4440000.0,26280000.0,1000000.0
030501090601,0.0,0.0,0.0,0.0,880000.0,0.0
030501080301,11920000.0,0.0,0.0,0.0,62240000.0,0.0
030501090801,0.0,0.0,0.0,0.0,120000.0,0.0
030601020402,120000.0,1480000.0,480000.0,40000.0,0.0,5360000.0
030501040102,3280000.0,0.0,0.0,0.0,67400000.0,0.0
030501090306,10480000.0,0.0,0.0,0.0,37360000.0,0.0
030601010803,22800000.0,7920000.0,7240000.0,11600000.0,22320000.0,13560000.0
030501090602,840000.0,0.0,0.0,0.0,10880000.0,0.0
030601030201,13040000.0,480000.0,1120000.0,2720000.0,62400000.0,80000.0
030601020403,7240000.0,2280000.0,3480000.0,6560000.0,15080000.0,1080000.0
030501080202,120000.0,0.0,0.0,0.0,3160000.0,0.0
030601010702,15560000.0,320000.0,2040000.0,6360000.0,73640000.0,0.0
030601010602,16600000.0,120000.0,1400000.0,5640000.0,30520000.0,360000.0
030601010502,27880000.0,0.0,0.0,0.0,86640000.0,0.0
030601010703,7240000.0,0.0,0.0,0.0,39440000.0,0.0
030501090304,9880000.0,0.0,0.0,0.0,27360000.0,0.0
030501090502,7560000.0,0.0,0.0,0.0,35840000.0,0.0
030601010501,4160000.0,2000000.0,1920000.0,3880000.0,20480000.0,5520000.0
030501090501,10200000.0,0.0,0.0,0.0,28400000.0,0.0
030601010306,6120000.0,0.0,200000.0,280000.0,19400000.0,0.0
030601010305,23360000.0,1480000.0,2240000.0,6040000.0,77360000.0,520000.0
030501090403,17440000.0,0.0,0.0,0.0,59840000.0,0.0
030501080204,2360000.0,0.0,0.0,0.0,12920000.0,0.0
030601010701,12520000.0,0.0,0.0,120000.0,55960000.0,0.0
030601010802,3000000.0,5000000.0,5320000.0,7480000.0,11440000.0,5600000.0
030601010408,10440000.0,2640000.0,2760000.0,6480000.0,52680000.0,2640000.0
030501080105,23840000.0,0.0,0.0,0.0,77520000.0,0.0
030501090305,23000000.0,0.0,0.0,0.0,57440000.0,0.0
030501040109,0.0,0.0,0.0,320000.0,1760000.0,0.0
030601010303,280000.0,320000.0,400000.0,960000.0,1080000.0,0.0
030601010801,1200000.0,1360000.0,1640000.0,4080000.0,10920000.0,1080000.0
030501060204,120000.0,0.0,0.0,0.0,3680000.0,0.0
030501070501,4360000.0,0.0,0.0,0.0,16400000.0,0.0
030601010601,21560000.0,0.0,0.0,0.0,65400000.0,0.0
030501040101,120000.0,0.0,0.0,0.0,4360000.0,0.0
030501070505,4080000.0,400000.0,760000.0,1840000.0,18600000.0,40000.0
030501090303,38320000.0,0.0,0.0,0.0,53440000.0,0.0
030501060304,0.0,0.0,0.0,160000.0,0.0,0.0
030402020202,720000.0,0.0,0.0,560000.0,5840000.0,0.0
030601010406,10400000.0,0.0,0.0,0.0,30680000.0,0.0
030501080103,48360000.0,0.0,0.0,0.0,29440000.0,0.0
030501080106,7280000.0,0.0,0.0,0.0,74880000.0,0.0
030501090307,44280000.0,0.0,0.0,0.0,67320000.0,0.0
030501070404,160000.0,0.0,0.0,0.0,7280000.0,0.0
030601010405,11560000.0,0.0,0.0,0.0,28720000.0,0.0
030501070304,4880000.0,520000.0,960000.0,2960000.0,49200000.0,400000.0
030501030605,1600000.0,0.0,0.0,0.0,67560000.0,0.0
030501090404,59640000.0,0.0,0.0,0.0,60480000.0,0.0
030501070406,14480000.0,760000.0,1280000.0,4960000.0,54960000.0,240000.0
030601010407,3680000.0,0.0,0.0,0.0,44360000.0,0.0
030501090302,25480000.0,0.0,120000.0,2080000.0,55560000.0,0.0
030601010404,6040000.0,360000.0,960000.0,3160000.0,29920000.0,80000.0
030402020201,440000.0,0.0,0.0,0.0,5680000.0,0.0
030501090402,90480000.0,0.0,0.0,0.0,9760000.0,0.0
030501070502,480000.0,0.0,0.0,0.0,7840000.0,0.0
030501060302,6400000.0,0.0,0.0,1200000.0,77880000.0,0.0
030501030303,16600000.0,0.0,0.0,0.0,70840000.0,0.0
030501030305,9680000.0,0.0,0.0,0.0,35760000.0,0.0
030501080104,28400000.0,0.0,0.0,0.0,55720000.0,0.0
030501060201,640000.0,0.0,0.0,0.0,21360000.0,0.0
030501070305,16560000.0,120000.0,240000.0,840000.0,74120000.0,0.0
030601010403,7400000.0,680000.0,1160000.0,3160000.0,19520000.0,240000.0
030501070405,1040000.0,0.0,0.0,0.0,30880000.0,0.0
030501070203,6880000.0,360000.0,720000.0,3560000.0,21720000.0,0.0
030501030502,13240000.0,0.0,0.0,0.0,58840000.0,0.0
030601010401,680000.0,0.0,0.0,0.0,13040000.0,0.0
030501060202,13520000.0,2800000.0,3600000.0,8960000.0,54960000.0,1480000.0
030601010402,1920000.0,0.0,0.0,0.0,23360000.0,0.0
030501080102,76240000.0,0.0,0.0,0.0,22160000.0,0.0
030501090301,11680000.0,1640000.0,1960000.0,4160000.0,63160000.0,440000.0
030501030304,14800000.0,0.0,0.0,0.0,54920000.0,0.0
030501070403,440000.0,0.0,320000.0,1320000.0,1320000.0,0.0
030501030606,2760000.0,2560000.0,2160000.0,5400000.0,38800000.0,1160000.0
030402020105,280000.0,0.0,0.0,0.0,3480000.0,0.0
030501090401,32000000.0,520000.0,1080000.0,2840000.0,23360000.0,40000.0
030501070402,10040000.0,6120000.0,5320000.0,6440000.0,16560000.0,19320000.0
030501070303,35840000.0,0.0,0.0,0.0,35920000.0,0.0
030501090204,720000.0,0.0,0.0,0.0,12080000.0,0.0
030501030406,0.0,0.0,0.0,0.0,960000.0,0.0
030402020301,640000.0,0.0,0.0,0.0,10400000.0,0.0
030501030409,80000.0,0.0,0.0,0.0,2680000.0,0.0
030501070103,22920000.0,0.0,0.0,0.0,35120000.0,0.0
030501030301,4920000.0,0.0,0.0,0.0,35520000.0,0.0
030501080101,53560000.0,6600000.0,7640000.0,18240000.0,51400000.0,6200000.0
030402010602,3840000.0,0.0,0.0,0.0,8960000.0,0.0
030501070302,18120000.0,240000.0,760000.0,1840000.0,32640000.0,40000.0
030501070401,58400000.0,0.0,0.0,520000.0,25760000.0,0.0
030501051505,2160000.0,960000.0,1480000.0,4240000.0,8160000.0,400000.0
030501070202,30760000.0,0.0,0.0,0.0,35920000.0,0.0
030501030405,0.0,0.0,0.0,0.0,880000.0,0.0
030402020101,3600000.0,0.0,0.0,0.0,39800000.0,0.0
030501030408,2720000.0,0.0,0.0,0.0,30320000.0,0.0
030501051402,39520000.0,680000.0,1520000.0,5520000.0,22880000.0,120000.0
030501070102,6640000.0,0.0,0.0,0.0,31720000.0,0.0
030501030403,960000.0,0.0,0.0,0.0,35680000.0,0.0
030501070201,15680000.0,2280000.0,3240000.0,6760000.0,57360000.0,1120000.0
030501030407,16480000.0,1280000.0,1640000.0,4080000.0,53440000.0,1000000.0
030501051004,1440000.0,0.0,0.0,0.0,14880000.0,0.0
030501030302,1800000.0,0.0,0.0,0.0,36280000.0,0.0
030501060101,480000.0,440000.0,1000000.0,3240000.0,13040000.0,80000.0
030402010402,600000.0,0.0,0.0,0.0,15880000.0,0.0
030501051504,23680000.0,2360000.0,2720000.0,8080000.0,62200000.0,1520000.0
030501051401,60200000.0,80000.0,480000.0,4200000.0,73400000.0,0.0
030501030603,600000.0,0.0,400000.0,1520000.0,34080000.0,0.0
030501070301,6040000.0,0.0,0.0,0.0,48560000.0,0.0
030401040101,1120000.0,0.0,0.0,0.0,21800000.0,0.0
030501030604,11280000.0,0.0,0.0,0.0,90600000.0,0.0
030501051003,3640000.0,0.0,0.0,0.0,25640000.0,0.0
030501051001,7120000.0,0.0,0.0,0.0,19960000.0,0.0
030501030401,34960000.0,0.0,0.0,120000.0,40200000.0,0.0
030501070101,5720000.0,0.0,160000.0,1200000.0,43040000.0,0.0
030401050601,280000.0,0.0,0.0,0.0,9480000.0,0.0
030501051604,0.0,0.0,0.0,0.0,240000.0,0.0
030501090102,8480000.0,0.0,0.0,0.0,57880000.0,0.0
030501030601,28680000.0,0.0,0.0,0.0,17080000.0,0.0
030501060102,5920000.0,1760000.0,2160000.0,4960000.0,25520000.0,1120000.0
030501030204,9520000.0,0.0,0.0,0.0,68640000.0,0.0
030501030402,15560000.0,0.0,0.0,0.0,111040000.0,0.0
030501051302,14560000.0,720000.0,1440000.0,5440000.0,60680000.0,80000.0
030501011507,4240000.0,0.0,0.0,0.0,31400000.0,0.0
030501051502,10040000.0,0.0,0.0,0.0,55080000.0,0.0
030501051503,4520000.0,1080000.0,1480000.0,4240000.0,29000000.0,1920000.0
030501051002,23760000.0,0.0,0.0,640000.0,123120000.0,0.0
030501051301,9200000.0,3720000.0,5360000.0,13680000.0,50280000.0,7080000.0
030501030602,46480000.0,0.0,0.0,0.0,69840000.0,0.0
030401050602,40000.0,0.0,0.0,680000.0,4760000.0,0.0
030501051602,16640000.0,0.0,0.0,0.0,41640000.0,0.0
030501030109,16920000.0,0.0,80000.0,480000.0,35960000.0,0.0
030401050603,200000.0,2240000.0,3240000.0,8720000.0,22720000.0,1520000.0
030501051603,9880000.0,0.0,0.0,0.0,35640000.0,0.0
030401050502,4000000.0,0.0,0.0,0.0,31640000.0,0.0
030501051102,840000.0,0.0,0.0,0.0,20640000.0,0.0
030401050501,16760000.0,0.0,0.0,0.0,22320000.0,0.0
030501011508,15280000.0,1240000.0,2160000.0,5040000.0,14840000.0,520000.0
030501051501,8560000.0,320000.0,320000.0,1000000.0,49240000.0,240000.0
030501051202,7760000.0,6840000.0,10720000.0,17200000.0,14640000.0,2720000.0
030501011506,14800000.0,0.0,0.0,0.0,113000000.0,0.0
030401050504,16880000.0,0.0,40000.0,1440000.0,93680000.0,0.0
030501030203,47240000.0,2000000.0,3040000.0,6440000.0,41040000.0,2560000.0
030501051203,3280000.0,200000.0,760000.0,5320000.0,41480000.0,0.0
030501030202,28080000.0,5040000.0,7120000.0,16840000.0,76800000.0,1680000.0
030501011504,5720000.0,0.0,0.0,0.0,42360000.0,0.0
030501030201,14520000.0,0.0,520000.0,3760000.0,37440000.0,0.0
030501051201,12440000.0,15680000.0,13240000.0,20280000.0,4200000.0,13800000.0
030501051101,80000.0,960000.0,80000.0,0.0,0.0,1960000.0
030501050503,5240000.0,40000.0,280000.0,1120000.0,42360000.0,0.0
030501050506,2520000.0,3360000.0,3800000.0,8680000.0,44360000.0,2400000.0
030401040103,2720000.0,0.0,0.0,0.0,32200000.0,0.0
030501030105,38000000.0,920000.0,1040000.0,1720000.0,5160000.0,1200000.0
030501051601,5280000.0,0.0,0.0,160000.0,73240000.0,0.0
030401050503,18680000.0,0.0,0.0,0.0,65640000.0,0.0
030501050805,3840000.0,0.0,0.0,0.0,26000000.0,0.0
030501030108,49200000.0,440000.0,920000.0,2680000.0,31640000.0,80000.0
030401040104,120000.0,0.0,0.0,0.0,1520000.0,0.0
030501050705,4160000.0,0.0,360000.0,2440000.0,25080000.0,0.0
030501050501,2840000.0,280000.0,880000.0,3360000.0,52640000.0,40000.0
030501050202,560000.0,40000.0,80000.0,320000.0,0.0,0.0
030401050505,3760000.0,0.0,0.0,0.0,43400000.0,0.0
030501050901,7280000.0,3520000.0,4000000.0,7560000.0,19360000.0,4440000.0
030401050506,3280000.0,0.0,0.0,0.0,31400000.0,0.0
030501011406,12560000.0,2200000.0,3640000.0,7200000.0,8760000.0,1440000.0
030501011505,18200000.0,7120000.0,8280000.0,20920000.0,76240000.0,7840000.0
030501030106,37920000.0,0.0,40000.0,40000.0,1040000.0,240000.0
030401040105,0.0,0.0,0.0,0.0,2080000.0,0.0
030501050407,6400000.0,0.0,0.0,0.0,31000000.0,0.0
030501050804,17720000.0,0.0,0.0,0.0,75280000.0,0.0
030401050702,35680000.0,280000.0,760000.0,2520000.0,51120000.0,360000.0
030501050505,7640000.0,0.0,0.0,0.0,59440000.0,0.0
030501050502,21640000.0,0.0,0.0,1320000.0,43040000.0,0.0
030501011502,49280000.0,7920000.0,12200000.0,23120000.0,32000000.0,7720000.0
030501030104,27480000.0,560000.0,600000.0,3480000.0,4280000.0,680000.0
030401050701,18520000.0,2680000.0,5320000.0,14680000.0,46440000.0,1000000.0
030501011501,39200000.0,5000000.0,7360000.0,19800000.0,27440000.0,6960000.0
030501050704,11280000.0,0.0,0.0,160000.0,45880000.0,0.0
030401050604,3400000.0,0.0,0.0,0.0,31160000.0,0.0
030501030103,82440000.0,1360000.0,2520000.0,7440000.0,13440000.0,3000000.0
030501050309,15520000.0,0.0,0.0,0.0,32840000.0,0.0
030401050507,80000.0,0.0,0.0,0.0,560000.0,0.0
030501030107,106320000.0,1120000.0,1240000.0,2920000.0,5360000.0,2160000.0
030501050703,31760000.0,0.0,0.0,0.0,32640000.0,0.0
030501011404,32560000.0,920000.0,1880000.0,5400000.0,3440000.0,1360000.0
030501011405,24480000.0,2200000.0,2160000.0,3920000.0,6320000.0,1240000.0
030401050306,8720000.0,0.0,0.0,80000.0,42600000.0,0.0
030501050406,21880000.0,0.0,0.0,0.0,82520000.0,0.0
030501030102,125440000.0,920000.0,920000.0,880000.0,280000.0,2760000.0
030501020605,49000000.0,6440000.0,7400000.0,9720000.0,17200000.0,4360000.0
030501020603,38640000.0,3600000.0,5080000.0,10400000.0,12960000.0,2280000.0
030501050504,1440000.0,0.0,0.0,0.0,11600000.0,0.0
030501020602,7760000.0,1080000.0,2640000.0,11040000.0,49520000.0,280000.0
030501050308,320000.0,0.0,0.0,0.0,7200000.0,0.0
030501050701,2960000.0,0.0,0.0,0.0,21360000.0,0.0
030501030101,69680000.0,920000.0,760000.0,3920000.0,1720000.0,2320000.0
030401050704,2600000.0,0.0,0.0,1920000.0,31720000.0,0.0
030501050803,16400000.0,0.0,120000.0,2080000.0,95760000.0,0.0
030401050703,2680000.0,1560000.0,1880000.0,3800000.0,33320000.0,920000.0
030501050802,9360000.0,1680000.0,2360000.0,7840000.0,48640000.0,480000.0
030401050301,22720000.0,1560000.0,2960000.0,6120000.0,5080000.0,800000.0
030401050302,30600000.0,3160000.0,4120000.0,11640000.0,50680000.0,6000000.0
030501050307,3760000.0,0.0,0.0,0.0,49680000.0,0.0
030501020604,4560000.0,4400000.0,6480000.0,12320000.0,23760000.0,800000.0
030501020503,3840000.0,1120000.0,2400000.0,5600000.0,46120000.0,320000.0
030501050405,1200000.0,0.0,0.0,0.0,10680000.0,0.0
030501011304,18560000.0,7440000.0,9480000.0,18840000.0,15240000.0,5160000.0
030501011403,56000000.0,4800000.0,5240000.0,10720000.0,10880000.0,2440000.0
030401050103,72000000.0,2000000.0,2840000.0,5360000.0,20080000.0,2520000.0
030501050403,9840000.0,0.0,0.0,0.0,46480000.0,0.0
030401050307,4720000.0,6120000.0,6360000.0,11840000.0,57160000.0,4880000.0
030501050702,8040000.0,0.0,0.0,0.0,44600000.0,0.0
030501020502,8360000.0,640000.0,1800000.0,8280000.0,72200000.0,80000.0
030401050406,1440000.0,0.0,0.0,0.0,30960000.0,0.0
030401050106,24360000.0,1080000.0,1480000.0,5280000.0,11520000.0,1000000.0
030401040203,720000.0,0.0,0.0,360000.0,17680000.0,0.0
030401050305,4320000.0,120000.0,560000.0,1280000.0,42480000.0,0.0
030501020504,22120000.0,2600000.0,2560000.0,6360000.0,37120000.0,1760000.0
030501011402,23760000.0,19200000.0,13320000.0,15480000.0,11240000.0,21280000.0
030401050405,1000000.0,0.0,0.0,0.0,17840000.0,0.0
030501020601,10480000.0,2360000.0,3080000.0,8240000.0,45360000.0,960000.0
030401050403,480000.0,0.0,0.0,0.0,21840000.0,0.0
030501050305,40000.0,0.0,0.0,0.0,9600000.0,0.0
030401050101,25480000.0,6800000.0,8520000.0,16160000.0,8400000.0,4440000.0
030501050402,0.0,0.0,0.0,0.0,160000.0,0.0
030501050801,240000.0,0.0,0.0,0.0,10720000.0,0.0
030501050404,1600000.0,0.0,0.0,0.0,22280000.0,0.0
030501011401,42560000.0,5480000.0,5240000.0,8440000.0,5760000.0,4520000.0
030501011302,2320000.0,200000.0,680000.0,3280000.0,66640000.0,40000.0
030401050304,4120000.0,400000.0,960000.0,5960000.0,46520000.0,80000.0
030401040306,1320000.0,3440000.0,6800000.0,12000000.0,1960000.0,720000.0
030501011204,17360000.0,200000.0,280000.0,720000.0,10160000.0,320000.0
030501020402,1560000.0,1000000.0,2040000.0,5320000.0,16720000.0,120000.0
030401050105,37080000.0,1360000.0,1960000.0,9720000.0,26640000.0,960000.0
030401040305,1920000.0,1160000.0,1800000.0,3120000.0,8000000.0,520000.0
030501011303,13080000.0,2720000.0,4960000.0,13960000.0,79440000.0,760000.0
030501020303,21360000.0,0.0,0.0,480000.0,42840000.0,0.0
030401050401,22160000.0,0.0,0.0,160000.0,51720000.0,0.0
030401040201,7840000.0,2480000.0,3240000.0,9680000.0,40360000.0,1480000.0
030401050201,1720000.0,0.0,0.0,320000.0,33360000.0,0.0
030501011301,8840000.0,0.0,0.0,0.0,63080000.0,0.0
030401050404,80000.0,0.0,0.0,0.0,10640000.0,0.0
030501020401,1560000.0,2440000.0,2840000.0,3160000.0,28200000.0,680000.0
030501010602,1160000.0,360000.0,800000.0,2160000.0,1960000.0,40000.0
030300030402,1080000.0,0.0,0.0,0.0,640000.0,0.0
030401050402,4680000.0,960000.0,1920000.0,6800000.0,40120000.0,240000.0
030501010603,7600000.0,0.0,0.0,280000.0,36720000.0,0.0
030501020403,6960000.0,6360000.0,7920000.0,17520000.0,20480000.0,2280000.0
030501010604,8240000.0,0.0,160000.0,1640000.0,26440000.0,0.0
030401030505,0.0,0.0,0.0,0.0,0.0,120000.0
030501020301,9240000.0,0.0,0.0,0.0,53080000.0,0.0
030501011202,20840000.0,1000000.0,1160000.0,2240000.0,25800000.0,400000.0
030401050102,31320000.0,7360000.0,11120000.0,26640000.0,38680000.0,3960000.0
030401050203,72560000.0,1360000.0,1920000.0,6760000.0,34800000.0,680000.0
030401050303,1440000.0,80000.0,480000.0,1160000.0,58800000.0,0.0
030401040303,4600000.0,4480000.0,6400000.0,15840000.0,27480000.0,2640000.0
030401050104,6640000.0,2160000.0,4720000.0,16560000.0,85480000.0,720000.0
030401030603,3200000.0,0.0,0.0,0.0,24840000.0,0.0
030501020202,6320000.0,880000.0,1800000.0,6000000.0,50400000.0,0.0
030501011203,45480000.0,40000.0,360000.0,1520000.0,21760000.0,0.0
030401050202,56120000.0,1600000.0,3520000.0,10120000.0,56800000.0,400000.0
030501020101,1800000.0,6360000.0,5920000.0,11480000.0,47320000.0,7720000.0
030501010606,24480000.0,4000000.0,4200000.0,7240000.0,32480000.0,9880000.0
030501011201,10840000.0,2720000.0,3520000.0,11320000.0,49760000.0,2320000.0
030501020102,5880000.0,880000.0,1000000.0,2320000.0,51360000.0,720000.0
030501010607,10040000.0,2800000.0,3560000.0,9480000.0,36680000.0,1720000.0
030401030605,400000.0,360000.0,160000.0,1200000.0,7480000.0,1400000.0
030501020103,33840000.0,0.0,0.0,1080000.0,44000000.0,0.0
030501011104,320000.0,720000.0,1520000.0,4720000.0,10200000.0,80000.0
030501010608,36560000.0,3720000.0,3080000.0,5560000.0,28760000.0,2560000.0
030501020302,42160000.0,0.0,0.0,0.0,58240000.0,0.0
030501011101,12480000.0,0.0,120000.0,1320000.0,54080000.0,0.0
030300030404,1960000.0,0.0,0.0,0.0,20080000.0,0.0
030401040304,2040000.0,120000.0,480000.0,3600000.0,45200000.0,0.0
030401030604,40000.0,0.0,0.0,0.0,7320000.0,0.0
030501010605,4160000.0,40000.0,120000.0,1560000.0,15280000.0,0.0
030501010303,6280000.0,2080000.0,3200000.0,4320000.0,18280000.0,5880000.0
030401040302,120000.0,0.0,0.0,1120000.0,15800000.0,0.0
030401030303,9120000.0,400000.0,1400000.0,5480000.0,88800000.0,40000.0
030401020501,7720000.0,0.0,200000.0,3080000.0,37520000.0,40000.0
030501010804,43280000.0,160000.0,200000.0,2120000.0,39880000.0,40000.0
030501011106,19040000.0,5360000.0,7040000.0,20800000.0,61480000.0,6600000.0
030401020503,1920000.0,2240000.0,3000000.0,8800000.0,35200000.0,3000000.0
030401030101,30040000.0,5840000.0,9080000.0,19160000.0,53800000.0,2560000.0
030300030603,0.0,0.0,0.0,0.0,80000.0,0.0
030501011105,1920000.0,600000.0,720000.0,2480000.0,14840000.0,1080000.0
030501010802,17680000.0,920000.0,2200000.0,7000000.0,38480000.0,160000.0
030501011102,38000000.0,0.0,0.0,880000.0,82240000.0,0.0
030401030301,33320000.0,640000.0,1160000.0,5160000.0,70080000.0,40000.0
030401030302,5840000.0,680000.0,1520000.0,4760000.0,50120000.0,240000.0
030501010403,4680000.0,880000.0,1360000.0,3520000.0,16320000.0,80000.0
030401030305,0.0,0.0,0.0,0.0,2600000.0,0.0
030401020502,4200000.0,560000.0,560000.0,880000.0,45040000.0,160000.0
030300030606,240000.0,920000.0,920000.0,1760000.0,80000.0,320000.0
030501010801,31040000.0,1520000.0,2400000.0,5120000.0,74080000.0,1000000.0
030501010402,600000.0,0.0,0.0,0.0,4120000.0,0.0
030401030501,160000.0,480000.0,800000.0,1280000.0,0.0,160000.0
030401030102,28080000.0,2280000.0,2640000.0,5960000.0,9080000.0,1280000.0
030401020303,8200000.0,240000.0,600000.0,2520000.0,51120000.0,0.0
030401020302,20600000.0,560000.0,1320000.0,4960000.0,35720000.0,160000.0
030501011103,680000.0,0.0,0.0,0.0,3840000.0,0.0
030501010904,38000000.0,200000.0,560000.0,2200000.0,36760000.0,0.0
030501010506,200000.0,2760000.0,2040000.0,2120000.0,1360000.0,7080000.0
030401030405,2120000.0,0.0,0.0,880000.0,15920000.0,0.0
030401030105,5320000.0,4400000.0,7600000.0,21560000.0,27120000.0,1600000.0
030501010803,42240000.0,0.0,0.0,0.0,73920000.0,0.0
030401020504,3160000.0,2560000.0,4160000.0,15400000.0,20560000.0,1280000.0
030401040301,8640000.0,840000.0,2040000.0,5680000.0,21080000.0,120000.0
030300040101,1800000.0,0.0,0.0,0.0,21360000.0,0.0
030501010703,5840000.0,4720000.0,4280000.0,9440000.0,37800000.0,5800000.0
030300030605,0.0,0.0,0.0,0.0,40000.0,0.0
030401020402,30320000.0,480000.0,760000.0,3000000.0,36400000.0,840000.0
030401030207,1080000.0,0.0,0.0,0.0,13080000.0,0.0
030300030607,2720000.0,1840000.0,3440000.0,8480000.0,18080000.0,800000.0
030501011005,1800000.0,2120000.0,2840000.0,6840000.0,49280000.0,1960000.0
030300030205,1560000.0,1560000.0,1960000.0,2480000.0,28080000.0,480000.0
030300030204,11840000.0,5920000.0,8120000.0,14440000.0,25600000.0,6560000.0
030401020401,14200000.0,3240000.0,5240000.0,13800000.0,27720000.0,1960000.0
030501010702,15480000.0,1480000.0,2200000.0,6520000.0,35040000.0,1040000.0
030501010903,5320000.0,0.0,0.0,0.0,48080000.0,0.0
030401020301,5720000.0,0.0,0.0,0.0,38320000.0,0.0
030501010901,4960000.0,0.0,0.0,0.0,91120000.0,0.0
030501011004,4640000.0,480000.0,1440000.0,6240000.0,32680000.0,40000.0
030401020603,400000.0,2400000.0,2120000.0,1840000.0,2960000.0,2880000.0
030401020108,11920000.0,400000.0,1680000.0,9720000.0,48760000.0,120000.0
030401030304,360000.0,1000000.0,1440000.0,4360000.0,9840000.0,200000.0
030401030103,6640000.0,1200000.0,2720000.0,9000000.0,48800000.0,320000.0
030300030207,680000.0,920000.0,1480000.0,6360000.0,7560000.0,560000.0
030401020103,1720000.0,800000.0,2000000.0,7000000.0,20760000.0,360000.0
030300030608,280000.0,400000.0,1120000.0,3520000.0,8480000.0,40000.0
030401011504,1080000.0,2160000.0,1840000.0,920000.0,11760000.0,2120000.0
030300040103,0.0,440000.0,280000.0,760000.0,360000.0,400000.0
030401020109,1560000.0,5560000.0,6520000.0,11640000.0,11040000.0,4720000.0
030501010701,29960000.0,760000.0,1280000.0,3640000.0,55040000.0,520000.0
030300030509,0.0,0.0,0.0,0.0,10600000.0,0.0
030300030504,1920000.0,4080000.0,6520000.0,14920000.0,8360000.0,1920000.0
030401020601,600000.0,1320000.0,2360000.0,5160000.0,1600000.0,440000.0
030501010902,160000.0,0.0,0.0,0.0,11280000.0,0.0
030401030403,14360000.0,480000.0,1400000.0,5400000.0,69760000.0,40000.0
030300030110,25480000.0,520000.0,840000.0,2560000.0,58040000.0,160000.0
030300030203,8280000.0,440000.0,1600000.0,5480000.0,99200000.0,40000.0
030501011001,0.0,0.0,0.0,0.0,1280000.0,0.0
030401030206,17480000.0,1800000.0,4040000.0,9680000.0,45440000.0,800000.0
030501011003,9080000.0,0.0,0.0,0.0,70760000.0,0.0
030300020703,6680000.0,1840000.0,3280000.0,9520000.0,49920000.0,600000.0
030401020206,560000.0,0.0,0.0,0.0,16280000.0,0.0
030401030401,12480000.0,200000.0,400000.0,1480000.0,62720000.0,40000.0
030300030206,2880000.0,600000.0,1320000.0,4760000.0,29480000.0,160000.0
030401030104,34240000.0,120000.0,520000.0,2000000.0,71360000.0,40000.0
030401010103,0.0,0.0,0.0,40000.0,480000.0,0.0
030401020102,0.0,0.0,0.0,0.0,200000.0,0.0
030300030202,560000.0,1160000.0,1400000.0,2360000.0,16280000.0,280000.0
030501011002,360000.0,0.0,0.0,0.0,10080000.0,0.0
030300030506,160000.0,0.0,0.0,0.0,7280000.0,0.0
030401030204,28400000.0,80000.0,800000.0,2200000.0,44520000.0,40000.0
030401020107,0.0,0.0,0.0,0.0,160000.0,0.0
030300040102,1120000.0,3160000.0,4280000.0,9880000.0,4720000.0,3840000.0
030300020704,360000.0,3040000.0,2000000.0,2720000.0,6160000.0,2720000.0
030300030503,12280000.0,1080000.0,3200000.0,7320000.0,54600000.0,120000.0
030401011503,3440000.0,840000.0,2760000.0,7240000.0,39160000.0,160000.0
030501010503,720000.0,280000.0,1120000.0,5960000.0,6160000.0,0.0
030401030404,7640000.0,0.0,0.0,560000.0,56280000.0,0.0
030300030109,920000.0,40000.0,520000.0,2280000.0,21920000.0,0.0
030401020101,3000000.0,640000.0,1120000.0,3800000.0,48280000.0,200000.0
030401011404,10960000.0,1560000.0,3840000.0,12480000.0,58200000.0,720000.0
030401020602,5520000.0,480000.0,1640000.0,4920000.0,34120000.0,160000.0
030202011003,80000.0,0.0,0.0,40000.0,0.0,0.0
030401011502,4520000.0,1840000.0,3680000.0,11000000.0,31880000.0,280000.0
030300030502,960000.0,600000.0,680000.0,2520000.0,18760000.0,280000.0
030401030402,19480000.0,1880000.0,3240000.0,7920000.0,60560000.0,920000.0
030202011104,80000.0,0.0,0.0,0.0,2920000.0,0.0
030401030205,8160000.0,1520000.0,1680000.0,7120000.0,27640000.0,720000.0
030300020609,17520000.0,5560000.0,6960000.0,11840000.0,8760000.0,2520000.0
030401020104,200000.0,0.0,40000.0,240000.0,1360000.0,0.0
030202011002,5760000.0,2960000.0,1200000.0,1120000.0,0.0,7320000.0
030300030106,23440000.0,480000.0,1360000.0,3880000.0,38960000.0,200000.0
030401010203,240000.0,0.0,40000.0,640000.0,2440000.0,0.0
030300030501,280000.0,0.0,0.0,0.0,8000000.0,0.0
030202011001,26960000.0,600000.0,1480000.0,2800000.0,520000.0,840000.0
030401011403,1520000.0,320000.0,720000.0,2400000.0,17920000.0,40000.0
030300030201,0.0,0.0,0.0,0.0,240000.0,0.0
030401011308,11240000.0,0.0,0.0,120000.0,60680000.0,0.0
030300020608,11760000.0,8560000.0,10240000.0,11560000.0,1600000.0,2840000.0
030300030108,11520000.0,240000.0,880000.0,4560000.0,46160000.0,40000.0
030300020702,4800000.0,2760000.0,3480000.0,6920000.0,50840000.0,1280000.0
030300030103,27600000.0,1440000.0,2240000.0,5440000.0,3400000.0,1000000.0
030300020610,6960000.0,12320000.0,9280000.0,16360000.0,14480000.0,11960000.0
030202011504,2160000.0,0.0,0.0,0.0,19240000.0,0.0
030202011101,75240000.0,4200000.0,5560000.0,10240000.0,3720000.0,5160000.0
030401011402,2920000.0,1280000.0,3080000.0,10480000.0,20280000.0,160000.0
030300020701,560000.0,1160000.0,2200000.0,7480000.0,20040000.0,280000.0
030401010301,4000000.0,1520000.0,4200000.0,12640000.0,32200000.0,320000.0
030401011401,200000.0,0.0,0.0,0.0,2440000.0,0.0
030401010206,1120000.0,4960000.0,4400000.0,6320000.0,7160000.0,4680000.0
030401020201,1000000.0,800000.0,1800000.0,6240000.0,36400000.0,0.0
030401030201,6800000.0,1040000.0,1560000.0,3680000.0,49400000.0,80000.0
030202011103,15880000.0,12240000.0,13600000.0,23320000.0,21080000.0,5240000.0
030300030107,9520000.0,2480000.0,4360000.0,13440000.0,81280000.0,600000.0
030300020509,80000.0,240000.0,520000.0,1360000.0,7640000.0,40000.0
030401030203,53040000.0,720000.0,2120000.0,10680000.0,54920000.0,800000.0
030401011501,28560000.0,3200000.0,4040000.0,13080000.0,54680000.0,5320000.0
030401010302,11040000.0,2680000.0,5480000.0,13080000.0,11320000.0,920000.0
030401010307,14960000.0,5560000.0,8400000.0,18720000.0,16440000.0,3000000.0
030300030105,22920000.0,11080000.0,9280000.0,15200000.0,12880000.0,3240000.0
030401011103,7680000.0,6640000.0,9800000.0,19040000.0,23800000.0,3120000.0
030401010202,0.0,400000.0,400000.0,320000.0,0.0,320000.0
030202011102,7240000.0,11160000.0,10200000.0,16360000.0,17320000.0,5200000.0
030300020607,23400000.0,8800000.0,5400000.0,6080000.0,14320000.0,8360000.0
030401010401,2880000.0,0.0,640000.0,4160000.0,37800000.0,0.0
030202010705,26480000.0,5920000.0,7880000.0,11960000.0,1920000.0,3680000.0
030300020301,5520000.0,3200000.0,4520000.0,10480000.0,54560000.0,1720000.0
030202010804,81120000.0,1840000.0,2640000.0,2720000.0,80000.0,2240000.0
030300030104,27640000.0,2840000.0,3520000.0,6520000.0,3640000.0,760000.0
030401020202,0.0,0.0,0.0,0.0,4120000.0,0.0
030300020306,160000.0,0.0,0.0,0.0,8880000.0,0.0
030401011307,48320000.0,1120000.0,3120000.0,12760000.0,48080000.0,280000.0
030401010204,0.0,0.0,0.0,360000.0,960000.0,0.0
030401010407,480000.0,0.0,0.0,0.0,6080000.0,0.0
030401011203,10600000.0,1400000.0,2480000.0,8840000.0,72280000.0,400000.0
030300020307,520000.0,0.0,0.0,680000.0,6400000.0,0.0
030300020507,440000.0,760000.0,2000000.0,7040000.0,6120000.0,40000.0
030401011303,26320000.0,880000.0,1720000.0,5760000.0,12560000.0,320000.0
030300020604,17360000.0,6440000.0,2960000.0,1440000.0,120000.0,6880000.0
030202010803,70560000.0,5000000.0,4520000.0,6280000.0,1680000.0,14520000.0
030401011305,58360000.0,1000000.0,1480000.0,3480000.0,6560000.0,1600000.0
030300020308,1600000.0,1440000.0,2880000.0,8240000.0,16160000.0,320000.0
030300020506,440000.0,0.0,0.0,0.0,8720000.0,0.0
030300020606,3400000.0,10080000.0,13840000.0,22760000.0,21640000.0,4600000.0
030300020603,34480000.0,6240000.0,4480000.0,6200000.0,6160000.0,3200000.0
030401010402,1280000.0,2240000.0,3760000.0,8520000.0,7600000.0,1760000.0
030401011101,1720000.0,1760000.0,1520000.0,3160000.0,22200000.0,1800000.0
030202011503,11280000.0,7000000.0,7920000.0,17520000.0,46800000.0,4480000.0
030401011306,51840000.0,840000.0,1160000.0,3040000.0,8640000.0,480000.0
030300030101,40280000.0,3600000.0,4560000.0,8720000.0,19080000.0,2200000.0
030202010801,85800000.0,6160000.0,8360000.0,10560000.0,12800000.0,7520000.0
030401010205,240000.0,2040000.0,3120000.0,8160000.0,14120000.0,3880000.0
030401030202,19200000.0,5360000.0,4640000.0,5760000.0,72560000.0,4440000.0
030202010802,21120000.0,2920000.0,2240000.0,2360000.0,400000.0,11640000.0
030300020502,2760000.0,40000.0,480000.0,1120000.0,32200000.0,0.0
030401010305,7080000.0,640000.0,2480000.0,13800000.0,62400000.0,40000.0
030300020302,21480000.0,1280000.0,3360000.0,13840000.0,39480000.0,320000.0
030300030102,53920000.0,3400000.0,2840000.0,5200000.0,6680000.0,4280000.0
030401010602,120000.0,640000.0,1360000.0,1520000.0,0.0,40000.0
030300020304,1840000.0,7440000.0,8880000.0,11280000.0,10920000.0,2400000.0
030300020605,58240000.0,10080000.0,10160000.0,12920000.0,12440000.0,4800000.0
030202011502,8400000.0,1760000.0,4280000.0,14680000.0,28600000.0,840000.0
030401011202,280000.0,0.0,0.0,0.0,14480000.0,0.0
030202010703,6840000.0,3440000.0,7160000.0,12160000.0,15280000.0,720000.0
030401010605,2360000.0,80000.0,400000.0,2120000.0,30720000.0,0.0
030401011102,6480000.0,0.0,80000.0,2280000.0,51640000.0,0.0
030300020602,35680000.0,640000.0,520000.0,760000.0,320000.0,800000.0
030300020503,280000.0,2160000.0,3200000.0,8760000.0,7360000.0,960000.0
030401011304,62880000.0,4840000.0,5120000.0,11760000.0,13600000.0,7680000.0
030202010704,45960000.0,4760000.0,4920000.0,6280000.0,5880000.0,4320000.0
030401011201,240000.0,0.0,0.0,0.0,7800000.0,0.0
030300020310,21400000.0,240000.0,720000.0,6360000.0,40520000.0,40000.0
030300020601,33720000.0,21200000.0,21880000.0,19760000.0,2560000.0,22400000.0
030202030103,1880000.0,0.0,0.0,80000.0,28840000.0,0.0
030300020104,84000000.0,1040000.0,2240000.0,7200000.0,16920000.0,2520000.0
030401010606,10680000.0,0.0,0.0,0.0,29000000.0,0.0
030300020305,15360000.0,560000.0,1200000.0,4240000.0,13640000.0,280000.0
030202030101,10120000.0,800000.0,2680000.0,11360000.0,48160000.0,280000.0
030202010604,12360000.0,5720000.0,4120000.0,6320000.0,3120000.0,12840000.0
030401010607,1800000.0,0.0,0.0,0.0,27360000.0,0.0
030300020309,33360000.0,0.0,0.0,0.0,7480000.0,0.0
030202010502,5080000.0,4240000.0,4880000.0,8760000.0,23560000.0,5920000.0
030300020303,12760000.0,2360000.0,5800000.0,13920000.0,43200000.0,680000.0
030300020105,81920000.0,2880000.0,4000000.0,6800000.0,14360000.0,2720000.0
030300020501,10240000.0,560000.0,2000000.0,8000000.0,52840000.0,40000.0
030401010601,0.0,160000.0,440000.0,360000.0,160000.0,0.0
030401011301,57840000.0,1480000.0,2280000.0,8000000.0,12240000.0,960000.0
030401011007,4240000.0,2200000.0,5640000.0,13560000.0,65320000.0,360000.0
030401010303,80000.0,1000000.0,840000.0,1240000.0,680000.0,400000.0
030401010603,280000.0,440000.0,960000.0,3840000.0,15440000.0,200000.0
030401010304,0.0,0.0,0.0,0.0,3000000.0,0.0
030201010403,360000.0,0.0,0.0,0.0,2000000.0,0.0
030300020102,58240000.0,6680000.0,5840000.0,5720000.0,3280000.0,6720000.0
030401010306,5080000.0,3480000.0,6640000.0,20240000.0,29720000.0,1080000.0
030300020101,18400000.0,5560000.0,6680000.0,16320000.0,31240000.0,2640000.0
030202010602,21520000.0,8720000.0,7520000.0,14360000.0,18280000.0,22320000.0
030300020106,2080000.0,1160000.0,1120000.0,2720000.0,15040000.0,360000.0
030202010702,21160000.0,4400000.0,7480000.0,13200000.0,10040000.0,1880000.0
030202010504,20280000.0,7800000.0,5840000.0,8880000.0,8760000.0,8160000.0
030202011501,4600000.0,3480000.0,4920000.0,14640000.0,33520000.0,2760000.0
030202010403,42640000.0,5240000.0,3120000.0,4280000.0,2960000.0,4320000.0
030300020408,42880000.0,160000.0,680000.0,2320000.0,30800000.0,120000.0
030300020407,23640000.0,680000.0,1520000.0,6560000.0,52600000.0,320000.0
030101030303,15320000.0,4320000.0,6400000.0,17480000.0,46440000.0,1440000.0
030202010701,17800000.0,2160000.0,2960000.0,5200000.0,6680000.0,880000.0
030201010404,600000.0,0.0,0.0,0.0,5920000.0,0.0
030401011302,25920000.0,2120000.0,3760000.0,11080000.0,45200000.0,600000.0
030202010302,14520000.0,10240000.0,11840000.0,27760000.0,30000000.0,5240000.0
030201010604,680000.0,0.0,0.0,0.0,8320000.0,0.0
030300020107,9400000.0,6760000.0,6680000.0,13640000.0,19880000.0,5480000.0
030300020103,25560000.0,12640000.0,10560000.0,16760000.0,3280000.0,11160000.0
030202010303,14840000.0,14680000.0,15400000.0,26320000.0,34720000.0,15520000.0
030202010304,38960000.0,10400000.0,9480000.0,13320000.0,14400000.0,13400000.0
030401010604,6600000.0,720000.0,1640000.0,5880000.0,24560000.0,120000.0
030201010605,1560000.0,0.0,0.0,0.0,20120000.0,0.0
030300020404,17440000.0,8920000.0,11680000.0,23480000.0,18840000.0,5480000.0
030202010603,9880000.0,5440000.0,5160000.0,8320000.0,21680000.0,4440000.0
030300020108,600000.0,0.0,160000.0,3040000.0,8280000.0,0.0
030401010404,360000.0,160000.0,480000.0,1920000.0,1200000.0,0.0
030401011005,12200000.0,920000.0,1440000.0,5800000.0,54800000.0,440000.0
030202010601,3640000.0,2960000.0,3200000.0,6720000.0,30240000.0,3280000.0
030401010502,320000.0,0.0,40000.0,1120000.0,4520000.0,0.0
030401011006,440000.0,0.0,160000.0,1200000.0,2560000.0,0.0
030101030204,1480000.0,0.0,0.0,0.0,23280000.0,0.0
030300020201,12640000.0,7120000.0,15680000.0,37720000.0,33280000.0,1360000.0
030201010503,2360000.0,0.0,0.0,0.0,12880000.0,0.0
030201010402,760000.0,2760000.0,3920000.0,6480000.0,1800000.0,400000.0
030202010404,7480000.0,9360000.0,7840000.0,9320000.0,6440000.0,6840000.0
030300020406,280000.0,0.0,0.0,0.0,19440000.0,0.0
030300020403,1480000.0,0.0,200000.0,2920000.0,38440000.0,0.0
030300020204,2480000.0,2840000.0,2920000.0,4080000.0,15160000.0,3160000.0
030201010401,8520000.0,1360000.0,2080000.0,5040000.0,62880000.0,1080000.0
030101030304,2200000.0,0.0,0.0,1040000.0,25920000.0,0.0
030401010903,440000.0,0.0,0.0,0.0,3840000.0,0.0
030202010301,320000.0,1040000.0,1320000.0,4880000.0,7320000.0,240000.0
030101030203,4040000.0,320000.0,1080000.0,3640000.0,55360000.0,0.0
030300020405,880000.0,3120000.0,4480000.0,8720000.0,19080000.0,1200000.0
030401011004,1040000.0,120000.0,520000.0,1440000.0,34120000.0,0.0
030300020207,800000.0,0.0,0.0,160000.0,2480000.0,0.0
030202010202,520000.0,2040000.0,3600000.0,11280000.0,13800000.0,960000.0
030101030201,2520000.0,240000.0,880000.0,2200000.0,63760000.0,0.0
030101030202,5280000.0,2360000.0,2760000.0,8400000.0,36280000.0,2040000.0
030401010504,4040000.0,640000.0,1400000.0,3920000.0,21200000.0,80000.0
030300020206,240000.0,0.0,40000.0,280000.0,200000.0,0.0
030401011003,360000.0,0.0,0.0,0.0,9560000.0,0.0
030300020202,4160000.0,0.0,0.0,960000.0,22480000.0,0.0
030300020402,40000.0,0.0,0.0,0.0,2240000.0,0.0
030202010402,6440000.0,5840000.0,3160000.0,1920000.0,40000.0,24600000.0
030202010503,5080000.0,7120000.0,6760000.0,10160000.0,58800000.0,5120000.0
030201010501,0.0,0.0,0.0,440000.0,2240000.0,0.0
030202010203,9520000.0,11960000.0,10040000.0,15120000.0,10680000.0,7640000.0
030202010201,560000.0,2480000.0,2760000.0,4240000.0,240000.0,1600000.0
030201010502,2160000.0,1080000.0,1120000.0,3400000.0,21520000.0,280000.0
030401010704,1360000.0,0.0,0.0,0.0,27640000.0,0.0
030101030108,40000.0,0.0,0.0,320000.0,1720000.0,0.0
030202010501,8200000.0,10280000.0,12240000.0,18160000.0,18080000.0,4280000.0
030300020401,80000.0,0.0,0.0,0.0,960000.0,0.0
030101030501,1520000.0,0.0,0.0,40000.0,20840000.0,0.0
030300020205,13960000.0,680000.0,1240000.0,1720000.0,14240000.0,80000.0
030101030502,80000.0,0.0,0.0,0.0,1600000.0,0.0
030300020203,4440000.0,0.0,0.0,40000.0,46600000.0,0.0
030101030306,3360000.0,40000.0,40000.0,1040000.0,44560000.0,0.0
030202010104,1240000.0,12520000.0,5600000.0,3120000.0,0.0,26000000.0
030201010304,6160000.0,1680000.0,3920000.0,9320000.0,41920000.0,280000.0
030201010303,2360000.0,2160000.0,4120000.0,12720000.0,18280000.0,440000.0
030401010806,8920000.0,0.0,0.0,0.0,31680000.0,0.0
030401010902,1440000.0,0.0,0.0,0.0,27400000.0,0.0
030201010801,80000.0,0.0,0.0,0.0,1280000.0,0.0
030201010204,360000.0,680000.0,1040000.0,2680000.0,3640000.0,160000.0
030202010401,0.0,2080000.0,1480000.0,2240000.0,1120000.0,13720000.0
030201010106,1480000.0,0.0,0.0,0.0,20320000.0,0.0
030202010102,40000.0,0.0,0.0,0.0,5440000.0,0.0
030401010901,9560000.0,0.0,0.0,0.0,85880000.0,0.0
030401010807,16040000.0,0.0,0.0,0.0,26600000.0,0.0
030401010703,2160000.0,0.0,0.0,0.0,12080000.0,0.0
030101030106,0.0,0.0,0.0,0.0,1640000.0,0.0
030101030504,2360000.0,0.0,0.0,880000.0,34280000.0,0.0
030101030503,2760000.0,560000.0,1080000.0,2920000.0,18760000.0,160000.0
030201010301,280000.0,0.0,0.0,0.0,14200000.0,0.0
030101030305,3760000.0,0.0,120000.0,1720000.0,34720000.0,0.0
030201010702,360000.0,0.0,0.0,0.0,3400000.0,0.0
030101040104,4160000.0,0.0,120000.0,1560000.0,44520000.0,0.0
030101030904,10480000.0,3920000.0,4840000.0,9400000.0,28800000.0,3320000.0
030101040103,4160000.0,0.0,0.0,0.0,17600000.0,0.0
030201010302,1880000.0,40000.0,160000.0,840000.0,33640000.0,0.0
030201010105,480000.0,0.0,40000.0,1400000.0,20760000.0,0.0
030101040504,0.0,0.0,0.0,0.0,520000.0,0.0
030101030409,4800000.0,3800000.0,5320000.0,10080000.0,4200000.0,3600000.0
030401010804,1200000.0,0.0,0.0,0.0,33880000.0,0.0
030202010101,8640000.0,0.0,0.0,0.0,60280000.0,0.0
030202010103,520000.0,0.0,0.0,0.0,10960000.0,0.0
030201010703,160000.0,0.0,0.0,0.0,4680000.0,0.0
030201010203,5200000.0,0.0,0.0,0.0,64880000.0,0.0
030101030901,9000000.0,0.0,0.0,280000.0,66560000.0,0.0
030201010202,12320000.0,0.0,0.0,0.0,59760000.0,0.0
030201010104,640000.0,0.0,0.0,680000.0,15480000.0,0.0
030401010805,3520000.0,0.0,0.0,0.0,34920000.0,0.0
030101030408,480000.0,0.0,0.0,0.0,11120000.0,0.0
030201010201,18120000.0,1720000.0,2000000.0,4840000.0,78840000.0,1040000.0
030401010802,200000.0,0.0,0.0,0.0,14160000.0,0.0
030401010803,19520000.0,0.0,0.0,0.0,29640000.0,0.0
030201010701,15520000.0,0.0,0.0,0.0,65480000.0,0.0
030201020101,0.0,0.0,0.0,0.0,120000.0,0.0
030101030505,13760000.0,0.0,0.0,0.0,112320000.0,0.0
030401010801,680000.0,0.0,0.0,0.0,23120000.0,0.0
030101030905,1800000.0,0.0,0.0,0.0,27040000.0,0.0
030101040505,240000.0,0.0,0.0,0.0,13360000.0,0.0
030101040107,0.0,0.0,0.0,160000.0,720000.0,0.0
030101040604,560000.0,0.0,0.0,0.0,29040000.0,0.0
050500010603,0.0,0.0,0.0,0.0,520000.0,0.0
030101040105,2480000.0,600000.0,1120000.0,3320000.0,40720000.0,80000.0
030101030102,160000.0,0.0,0.0,0.0,1200000.0,0.0
030101030802,5640000.0,1240000.0,1120000.0,2800000.0,61160000.0,640000.0
030101040602,11840000.0,0.0,0.0,0.0,83840000.0,0.0
030101040507,40000.0,0.0,0.0,0.0,2240000.0,0.0
030101030906,12720000.0,600000.0,880000.0,2080000.0,31760000.0,360000.0
030101030903,1560000.0,0.0,0.0,0.0,37000000.0,0.0
030101020801,0.0,0.0,0.0,0.0,3920000.0,0.0
030101021002,12680000.0,6320000.0,5240000.0,8800000.0,27600000.0,4960000.0
030101030902,5040000.0,0.0,0.0,0.0,43720000.0,0.0
030101030807,12720000.0,0.0,0.0,480000.0,69680000.0,0.0
030101021001,3000000.0,2240000.0,2400000.0,4080000.0,7520000.0,1080000.0
030201020301,1200000.0,0.0,0.0,40000.0,14840000.0,0.0
030101040601,160000.0,0.0,0.0,0.0,2160000.0,0.0
030101030406,760000.0,0.0,0.0,200000.0,8440000.0,0.0
030101040102,31920000.0,0.0,320000.0,2440000.0,39120000.0,0.0
030101030407,240000.0,0.0,0.0,280000.0,11000000.0,0.0
030101030803,16480000.0,2120000.0,4160000.0,10160000.0,19440000.0,880000.0
030101030405,280000.0,600000.0,920000.0,2600000.0,4240000.0,80000.0
030101030806,5720000.0,800000.0,1520000.0,6120000.0,29800000.0,120000.0
030201020401,440000.0,0.0,0.0,0.0,13200000.0,0.0
030101040603,320000.0,0.0,0.0,0.0,12160000.0,0.0
030101040605,80000.0,0.0,0.0,0.0,3400000.0,0.0
030101040109,6200000.0,0.0,0.0,1800000.0,47800000.0,0.0
030101040301,360000.0,1440000.0,2400000.0,5000000.0,9560000.0,480000.0
030101070104,4200000.0,1040000.0,2120000.0,4240000.0,30600000.0,320000.0
030101031004,10360000.0,1720000.0,1880000.0,4440000.0,49960000.0,960000.0
030101040302,40000.0,0.0,0.0,0.0,0.0,0.0
030101031003,6760000.0,0.0,400000.0,2280000.0,50160000.0,0.0
030101020902,240000.0,0.0,0.0,0.0,3840000.0,0.0
030101060403,40000.0,0.0,0.0,0.0,3040000.0,0.0
030101040608,0.0,0.0,0.0,0.0,80000.0,0.0
030101030702,9560000.0,5400000.0,7600000.0,12800000.0,50280000.0,6880000.0
030101040101,16520000.0,2040000.0,3760000.0,12000000.0,59000000.0,680000.0
030101070102,12440000.0,0.0,0.0,1840000.0,21520000.0,0.0
030101030606,520000.0,5600000.0,2680000.0,960000.0,0.0,33640000.0
030101030805,960000.0,440000.0,1000000.0,3720000.0,26600000.0,40000.0
030101030801,39120000.0,8040000.0,11200000.0,26080000.0,50240000.0,4840000.0
030101040403,3720000.0,800000.0,1280000.0,3360000.0,13480000.0,280000.0
030101030804,1440000.0,0.0,160000.0,2600000.0,19840000.0,0.0
030101060404,480000.0,0.0,0.0,0.0,4280000.0,0.0
030101030703,6040000.0,320000.0,880000.0,6200000.0,33520000.0,0.0
030101040402,600000.0,2280000.0,2680000.0,2200000.0,560000.0,2760000.0
030101070101,160000.0,0.0,0.0,0.0,0.0,0.0
030101040305,200000.0,0.0,0.0,0.0,5520000.0,0.0
030101040404,15280000.0,4400000.0,4760000.0,11800000.0,13200000.0,3320000.0
030101050103,1520000.0,0.0,0.0,0.0,30680000.0,0.0
030101040401,840000.0,280000.0,680000.0,2880000.0,27160000.0,0.0
030101030701,40000.0,3440000.0,4040000.0,3640000.0,520000.0,3640000.0
030101050301,1040000.0,0.0,0.0,0.0,28600000.0,0.0
030101030605,0.0,360000.0,40000.0,0.0,0.0,1720000.0
030101060302,40000.0,2240000.0,1720000.0,3280000.0,2120000.0,2920000.0
030101060304,80000.0,1600000.0,1480000.0,2720000.0,3560000.0,1320000.0
030101010803,1320000.0,1560000.0,2800000.0,6040000.0,360000.0,680000.0
030101050401,840000.0,2080000.0,2640000.0,5640000.0,11840000.0,3200000.0
030101060203,3120000.0,240000.0,560000.0,1280000.0,24720000.0,0.0
030101050403,3880000.0,7480000.0,8600000.0,14680000.0,18840000.0,2840000.0
030101010801,960000.0,3520000.0,5240000.0,12680000.0,11640000.0,2560000.0
030102040403,2040000.0,120000.0,920000.0,3080000.0,28640000.0,0.0
030101060202,2920000.0,960000.0,1320000.0,2760000.0,39840000.0,480000.0
030101020702,3280000.0,0.0,40000.0,2200000.0,28360000.0,0.0
030101020904,2400000.0,2320000.0,2680000.0,4200000.0,13680000.0,2760000.0
030101010802,12760000.0,2560000.0,3560000.0,6720000.0,61200000.0,4000000.0
030101060101,240000.0,0.0,0.0,0.0,13880000.0,0.0
030102040404,440000.0,720000.0,1320000.0,4080000.0,27560000.0,120000.0
030101050402,360000.0,120000.0,920000.0,3360000.0,7600000.0,0.0
030102040402,5680000.0,0.0,0.0,0.0,59240000.0,0.0
030102040601,800000.0,400000.0,920000.0,3040000.0,6960000.0,40000.0
030102040103,0.0,0.0,0.0,0.0,1960000.0,0.0
030101020701,240000.0,0.0,0.0,0.0,16800000.0,0.0
030101010503,4320000.0,3880000.0,6720000.0,20640000.0,62280000.0,3160000.0
030101010601,160000.0,0.0,0.0,0.0,7000000.0,0.0
030102040102,840000.0,0.0,0.0,0.0,30320000.0,0.0
030101010501,0.0,40000.0,440000.0,1080000.0,0.0,0.0
030102040602,760000.0,0.0,0.0,160000.0,21720000.0,0.0
030102040501,2560000.0,200000.0,760000.0,2960000.0,31760000.0,0.0
030101010504,2560000.0,2560000.0,5320000.0,12680000.0,56680000.0,760000.0
030102040302,2120000.0,0.0,0.0,0.0,20280000.0,0.0
030102040502,4120000.0,2200000.0,3400000.0,9160000.0,23000000.0,1640000.0
030102040401,2040000.0,0.0,0.0,0.0,17960000.0,0.0
030101011304,4080000.0,840000.0,2200000.0,6840000.0,22600000.0,200000.0
030101010602,40000.0,0.0,0.0,0.0,4600000.0,0.0
030102010304,640000.0,0.0,0.0,0.0,7920000.0,0.0
030101011303,1720000.0,1040000.0,920000.0,1800000.0,35920000.0,280000.0
030101011305,9440000.0,1000000.0,1760000.0,4720000.0,24080000.0,360000.0
030101011203,0.0,0.0,0.0,0.0,280000.0,0.0
030101020101,1160000.0,4400000.0,3720000.0,5960000.0,9400000.0,5680000.0
030102010201,0.0,520000.0,800000.0,1560000.0,200000.0,40000.0
030101010701,5560000.0,2840000.0,6000000.0,11240000.0,18760000.0,840000.0
030101011503,0.0,400000.0,640000.0,1280000.0,3400000.0,200000.0
030102010104,0.0,80000.0,80000.0,80000.0,0.0,40000.0
030101010702,1440000.0,720000.0,1720000.0,3680000.0,16480000.0,120000.0
030101010404,91000000.0,10080000.0,6520000.0,8680000.0,7200000.0,15520000.0
030101011505,1000000.0,280000.0,880000.0,3360000.0,23280000.0,0.0
030102010202,4760000.0,4160000.0,4320000.0,5920000.0,2400000.0,8120000.0
030101011405,2120000.0,2040000.0,3000000.0,8720000.0,8920000.0,840000.0
030101020102,80000.0,1280000.0,680000.0,0.0,0.0,1120000.0
030101011102,240000.0,800000.0,1520000.0,3400000.0,6240000.0,280000.0
030102010106,1480000.0,320000.0,520000.0,1520000.0,32960000.0,40000.0
030101011501,2840000.0,160000.0,600000.0,3160000.0,13440000.0,0.0
030102010204,960000.0,2240000.0,1240000.0,1120000.0,0.0,6920000.0
030101011103,3160000.0,1600000.0,1920000.0,5560000.0,33960000.0,840000.0
030102010101,80000.0,160000.0,800000.0,1880000.0,0.0,0.0
030101011502,13040000.0,2400000.0,4360000.0,11280000.0,26840000.0,1240000.0
030101011406,19400000.0,2520000.0,4200000.0,12200000.0,49480000.0,1720000.0
030101011504,8680000.0,1600000.0,3040000.0,10160000.0,39920000.0,1160000.0
030102010105,3880000.0,2840000.0,3760000.0,7640000.0,48120000.0,2160000.0
030102010702,760000.0,2360000.0,2000000.0,2080000.0,920000.0,2840000.0
030101011404,1240000.0,0.0,0.0,0.0,8080000.0,0.0
030101011101,3360000.0,2680000.0,3120000.0,8680000.0,34240000.0,6640000.0
030102020103,40000.0,0.0,0.0,0.0,1920000.0,0.0
030102010701,6880000.0,4680000.0,7320000.0,17280000.0,24200000.0,3200000.0
030101011401,2400000.0,5600000.0,5480000.0,10040000.0,18760000.0,4040000.0
030101011403,10720000.0,4240000.0,4960000.0,10520000.0,60280000.0,4320000.0
030102020101,800000.0,40000.0,200000.0,1600000.0,840000.0,0.0
020802070805,40000.0,0.0,0.0,0.0,1640000.0,0.0
030102020102,3080000.0,0.0,0.0,280000.0,720000.0,0.0
020802071001,9960000.0,1400000.0,1280000.0,2840000.0,4880000.0,1560000.0
030101010405,10040000.0,6880000.0,7080000.0,9560000.0,16960000.0,5280000.0
020802030306,1160000.0,560000.0,1800000.0,3480000.0,5560000.0,40000.0
020802070702,2080000.0,320000.0,640000.0,2320000.0,6960000.0,0.0
020802070701,3560000.0,0.0,0.0,560000.0,10240000.0,0.0
020802070305,160000.0,1000000.0,1160000.0,1360000.0,760000.0,640000.0
020802030304,7880000.0,0.0,0.0,680000.0,3360000.0,0.0
020802030303,3560000.0,1200000.0,1840000.0,3400000.0,4760000.0,1200000.0
020802070501,1080000.0,0.0,0.0,0.0,7200000.0,0.0
020802030305,200000.0,0.0,0.0,280000.0,3200000.0,0.0
020802070806,80000.0,0.0,0.0,0.0,2600000.0,0.0
020802060201,0.0,0.0,0.0,0.0,0.0,40000.0
030701011307,880000.0,0.0,0.0,1360000.0,11280000.0,0.0
030701030505,6200000.0,3160000.0,6360000.0,18440000.0,21360000.0,600000.0
030701030407,40360000.0,2760000.0,3480000.0,4360000.0,8600000.0,12680000.0
030701030504,13880000.0,0.0,0.0,600000.0,49680000.0,0.0
030701030406,64720000.0,360000.0,640000.0,3000000.0,23800000.0,200000.0
030601031007,3720000.0,0.0,0.0,0.0,49160000.0,0.0
031300010809,14800000.0,40000.0,360000.0,440000.0,17400000.0,0.0
031300010807,4800000.0,0.0,0.0,0.0,8960000.0,0.0
031300010808,21080000.0,0.0,560000.0,1360000.0,23520000.0,0.0
030601030101,10760000.0,6560000.0,7520000.0,14640000.0,22600000.0,2880000.0
030601030313,0.0,600000.0,600000.0,1160000.0,2880000.0,1360000.0
030601030611,1440000.0,0.0,160000.0,1240000.0,6280000.0,0.0
030601030310,1120000.0,0.0,0.0,0.0,13560000.0,0.0
030601030610,3880000.0,0.0,0.0,0.0,47880000.0,0.0
030601030103,520000.0,0.0,0.0,0.0,5000000.0,0.0
030601030311,1840000.0,0.0,0.0,0.0,25360000.0,0.0
030601030102,4800000.0,0.0,0.0,0.0,49360000.0,0.0
030601030309,11000000.0,280000.0,1600000.0,5960000.0,26800000.0,0.0
030601030612,40000.0,0.0,0.0,0.0,1040000.0,0.0
030601021305,14480000.0,0.0,0.0,0.0,27720000.0,0.0
030601021301,13880000.0,15040000.0,10440000.0,14200000.0,41560000.0,9280000.0
