HUC12,ZONE_CODE,COUNT,AREA,MIN,MAX,RANGE,MEAN,STD,SUM
031101010504,1,4454,178159999.99999994,2.6666669845581055,2.6666669845581055,0.0,2.6666669845581055,0.0,11877.334749221802
031101010503,2,1219,48759999.999999985,2.6666669845581055,2.6666669845581055,0.0,2.6666669845581055,0.0,3250.6670541763306
031102050805,4,1978,79119999.99999997,2.6666669845581055,2.6666669845581055,0.0,2.6666669845581055,0.0,5274.667295455933
031101020903,5,2160,86399999.99999997,2.6666669845581055,3.6044907569885254,0.9378237724304199,2.8798012932141623,0.29986318938983136,6220.37079334259
031101020906,9,1188,47519999.999999985,3.3483338356018066,4.266667366027832,0.9183335304260254,3.9330656990057693,0.32288956041456024,4672.482050418854
031300110704,10,3186,127439999.99999996,3.1670498847961426,4.07307243347168,0.9060225486755371,3.839435361723292,0.17841872133810133,12232.441062450409
031101020905,11,4765,190599999.99999994,3.652432441711426,4.266667366027832,0.6142349243164062,4.202593754421126,0.06458784679670605,20025.359239816666
031300110706,13,2374,94959999.99999997,2.7355642318725586,3.679378032684326,0.9438138008117676,3.4158657679762676,0.22131245085024115,8109.265333175659
031101020904,14,616,24639999.999999993,4.200001239776611,4.200001239776611,0.0,4.200001239776611,0.0,2587.2007637023926
031300110703,18,173,6919999.999999997,3.7565698623657227,4.093017578125,0.33644771575927734,3.7954611778259277,0.027278514707140197,656.6147837638855
031300110705,19,50,1999999.9999999993,3.3984169960021973,3.45687198638916,0.05845499038696289,3.4334232664108275,0.014757364308769663,171.67116332054138
031300110804,20,6499,259959999.9999999,2.734949827194214,3.9689817428588867,1.2340319156646729,3.6810123844134988,0.32858434673218556,23922.89948630333
031300130504,21,1569,62759999.99999998,3.5345752239227295,3.9389054775238037,0.4043302536010742,3.8175825012041704,0.13569649596670383,5989.786944389343
031101020805,24,380,15199999.999999994,4.200001239776611,4.200001239776611,0.0,4.200001239776611,0.0,1596.0004711151123
031101020506,27,1390,55599999.99999998,4.200001239776611,4.200001239776611,0.0,4.200001239776611,0.0,5838.00172328949
031300130305,28,1829,73159999.99999997,3.866666793823242,3.8672361373901367,0.0005693435668945312,3.866719638799435,7.670370960943125e-05,7072.230219364166
031401010704,30,2228,89119999.99999997,3.599708080291748,3.778700351715088,0.17899227142333984,3.655398426834942,0.06882917547354626,8144.227694988251
031300130402,31,132,5279999.999999998,3.865938663482666,3.866847038269043,0.0009083747863769531,3.8665501421148125,0.0001777380112849687,510.3846187591553
031300130503,32,2854,114159999.99999996,3.500439167022705,3.913694381713867,0.4132552146911621,3.76807319098782,0.13826423121993353,10754.080887079239
031300130403,38,5502,220079999.9999999,3.492748260498047,4.722362518310547,1.2296142578125,4.010669262787942,0.37484484416301567,22066.702283859253
031300130304,39,34,1359999.9999999995,3.866666793823242,3.8675918579101562,0.0009250640869140625,3.8673542808083927,0.00016515475728583879,131.49004554748535
031101020505,43,2499,99959999.99999997,4.200001239776611,4.200001239776611,0.0,4.200001239776611,8.463100646488021e-07,10495.803098201752
031200031204,49,1353,54119999.99999998,3.5124549865722656,4.730890274047852,1.218435287475586,4.140959737041837,0.4641820733880698,5602.718524217606
031101020503,50,2075,82999999.99999997,4.200001239776611,4.417428016662598,0.21742677688598633,4.276333037916436,0.0970010367115544,8873.391053676605
031401010703,55,378,15119999.999999994,3.3335022926330566,3.6150002479553223,0.2814979553222656,3.48932071589919,0.0869486578439369,1318.9632306098938
031101020504,64,469,18759999.999999993,4.200001239776611,4.200001239776611,0.0,4.200001239776611,0.0,1969.8005814552307
031101020501,73,1442,57679999.99999998,4.394598960876465,4.4282402992248535,0.03364133834838867,4.412425285569507,0.006186613354886841,6362.717261791229
031200010903,77,2215,88599999.99999997,4.059312343597412,4.9997453689575195,0.9404330253601074,4.797750827367365,0.1604233727270314,10627.018082618713
031101020403,78,82,3279999.9999999986,4.416373252868652,4.428424835205078,0.012051582336425781,4.422902799234158,0.0029630410186081,362.6780295372009
031200031101,81,219,8759999.999999996,3.5558218955993652,3.6394128799438477,0.08359098434448242,3.598547901737091,0.01729943940520664,788.081990480423
031200031102,83,50,1999999.9999999993,3.5921125411987305,3.6441943645477295,0.05208182334899902,3.6150444889068605,0.012031619081750036,180.75222444534302
031200010902,93,2445,97799999.99999997,4.641152858734131,4.99977970123291,0.3586268424987793,4.757398939620254,0.12255432644374292,11631.840407371521
031101020502,96,59,2359999.999999999,4.4153242111206055,4.416687965393066,0.0013637542724609375,4.4160790281780695,0.00035699139008517415,260.5486626625061
031200010901,105,33,1319999.9999999995,4.65092658996582,4.706931114196777,0.05600452423095703,4.680937492486202,0.016283037357239533,154.47093725204468
031200011102,109,3036,121439999.99999996,4.661489009857178,5.000000476837158,0.33851146697998047,4.750390204045141,0.11587590758816306,14422.184659481049
031101020405,113,1170,46799999.999999985,4.324489593505859,4.413835525512695,0.08934593200683594,4.379194059127417,0.02068208824672306,5123.657049179077
031101020404,127,1115,44599999.999999985,4.383179664611816,4.425971031188965,0.04279136657714844,4.40489109834748,0.00894663878047968,4911.45357465744
031200011003,134,355,14199999.999999994,4.696342945098877,4.864869594573975,0.16852664947509766,4.73351601211118,0.034387874114318345,1680.398184299469
031200011001,150,53,2119999.999999999,4.685279846191406,4.692483901977539,0.0072040557861328125,4.68880217930056,0.0017714808439164747,248.5065155029297
031200011002,153,759,30359999.99999999,4.6686859130859375,4.999781131744385,0.33109521865844727,4.746110718240851,0.09906909878077613,3602.298035144806
031101030505,159,95,3799999.9999999986,4.701169967651367,4.777615547180176,0.0764455795288086,4.745397000563772,0.018372690014339214,450.81271505355835
031101020104,160,1806,72239999.99999997,4.286495208740234,4.825516700744629,0.5390214920043945,4.5213833713320275,0.1809977185678033,8165.618368625641
031200011103,185,443,17719999.999999993,4.74605655670166,4.84097957611084,0.09492301940917969,4.799962646536041,0.024890882334140576,2126.3834524154663
030801031204,186,1195,47799999.999999985,2.1162312030792236,2.1885251998901367,0.07229399681091309,2.1445918775502606,0.015500653097370176,2562.7872936725616
030801031103,198,7,279999.9999999999,2.1263580322265625,2.128843307495117,0.0024852752685546875,2.1277730805533275,0.0007750535703832262,14.894411563873291
030801031303,225,935,37399999.999999985,1.7434570789337158,2.371264934539795,0.6278078556060791,2.1220571329249416,0.18861329819631578,1984.1234192848206
030801031304,246,990,39599999.999999985,1.733352541923523,2.208883762359619,0.4755312204360962,1.8539000807386457,0.16837506858241338,1835.3610799312592
030801031301,253,30,1199999.9999999995,1.7975695133209229,1.9054226875305176,0.10785317420959473,1.8413913091023764,0.03267336920915764,55.24173927307129
030801031302,262,123,4919999.999999998,1.7440950870513916,1.8413047790527344,0.09720969200134277,1.77075341174273,0.02364491552656846,217.80266964435577
030802010601,263,1409,56359999.99999998,2.0742740631103516,2.6000006198883057,0.5257265567779541,2.2590576126864823,0.19172490555878882,3183.0121762752533
030801031404,284,1186,47439999.999999985,1.7389036417007446,3.421800374984741,1.6828967332839966,2.8275835701024152,0.47363388379306953,3353.5141141414642
030801031403,296,161,6439999.999999997,2.4376237392425537,3.0291943550109863,0.5915706157684326,2.8521151320534464,0.12623140786974044,459.19053626060486
030801031402,305,2,79999.99999999997,2.870269775390625,2.8894381523132324,0.019168376922607422,2.8798539638519287,0.009584188461303711,5.759707927703857
030801031604,308,64,2559999.999999999,2.5138731002807617,2.9271907806396484,0.4133176803588867,2.842361144721508,0.11143000678271645,181.9111132621765
030801031405,319,439,17559999.999999993,2.1243948936462402,3.190614700317383,1.0662198066711426,2.2899641414981224,0.21260056260797625,1005.2942581176758
030801031503,339,538,21519999.999999993,2.2225427627563477,3.802001714706421,1.5794589519500732,3.1207284958389168,0.3716017906347728,1678.9519307613373
030801031605,344,1111,44439999.999999985,1.8952105045318604,2.8537180423736572,0.9585075378417969,2.430691663688845,0.2383286070634655,2700.498438358307
030801031502,355,337,13479999.999999994,2.553341865539551,3.0660853385925293,0.5127434730529785,2.9805128701716574,0.10613382204152408,1004.4328372478485
030801031501,362,127,5079999.999999998,2.6797003746032715,2.961458683013916,0.28175830841064453,2.817891851184875,0.07087227974014185,357.8722651004791
030801031606,367,1198,47919999.999999985,1.6125421524047852,2.447443723678589,0.8349015712738037,1.8843027881668486,0.1551566632585256,2257.3947402238846
030801031603,379,1187,47479999.999999985,1.4501619338989258,2.9862539768218994,1.5360920429229736,2.209074409046189,0.4576838565600897,2622.1713235378265
030801031601,381,778,31119999.99999999,2.6920855045318604,3.292468547821045,0.6003830432891846,3.0653130523956222,0.07682869402557066,2384.813554763794
030702050302,427,847,33879999.999999985,3.4572715759277344,4.027235507965088,0.5699639320373535,3.875406493825361,0.11708621998968403,3282.4693002700806
030702050304,431,2250,89999999.99999997,1.7978620529174805,4.262327194213867,2.4644651412963867,3.4115499271286858,0.8337071887108978,7675.987336039543
030702050105,439,33,1319999.9999999995,3.5102720260620117,3.7009477615356445,0.1906757354736328,3.6141383503422593,0.05276360755843143,119.26656556129456
030702050303,440,1710,68399999.99999997,2.2628698348999023,4.244194030761719,1.9813241958618164,3.859390612094723,0.3268244775198174,6599.557946681976
030702050104,444,36,1439999.9999999995,3.637671709060669,3.8637051582336426,0.22603344917297363,3.7668154504564075,0.05921925709562478,135.60535621643066
030702040906,477,1620,64799999.99999998,3.851823329925537,4.206649303436279,0.3548259735107422,4.047154709144875,0.0772048941633643,6556.390628814697
030702040905,497,606,24239999.999999993,3.8228535652160645,4.155243873596191,0.33239030838012695,3.9413058265994483,0.06265791408031045,2388.4313309192657
030702040907,504,1474,58959999.99999998,3.838596820831299,4.091963768005371,0.25336694717407227,3.9993937623711098,0.02944037184241053,5895.106405735016
030702030401,524,521,20839999.999999993,3.5963637828826904,3.9934730529785156,0.3971092700958252,3.831051125865065,0.10351046295539724,1995.9776365756989
030702030402,576,2914,116559999.99999996,2.6884260177612305,4.2576189041137695,1.569192886352539,3.4637109850397154,0.34992078365660034,10093.253810405731
030702011201,581,358,14319999.999999994,2.61428165435791,2.711796998977661,0.09751534461975098,2.6560759910658085,0.023232421245929374,950.8752048015594
030702030503,590,2003,80119999.99999997,3.191038131713867,4.260448932647705,1.069410800933838,3.552412610142099,0.3166236124527157,7115.482458114624
030702011202,609,745,29799999.99999999,2.6343700885772705,3.078643321990967,0.4442732334136963,2.864904934287871,0.14326356374889018,2134.354176044464
030702030502,633,557,22279999.999999993,2.1654558181762695,3.207338809967041,1.0418829917907715,2.9754926285153016,0.21444445663045641,1657.349394083023
030702030302,643,1242,49679999.999999985,2.607990264892578,3.6753454208374023,1.0673551559448242,3.14704033718017,0.2780695001739342,3908.624098777771
030702030301,653,187,7479999.999999997,3.134138584136963,3.1753580570220947,0.041219472885131836,3.1532964451427765,0.009237057934575271,589.6664352416992
030702030102,700,397,15879999.999999994,3.1732630729675293,3.204010486602783,0.030747413635253906,3.188847064971924,0.0064735267807121254,1265.9722847938538
030702030201,706,5141,205639999.9999999,2.1733601093292236,3.866665840148926,1.6933057308197021,3.2622013984313623,0.34263522093409593,16770.977389335632
030702030101,743,288,11519999.999999996,3.172969102859497,3.1960501670837402,0.023081064224243164,3.1859327455361686,0.004716480585643887,917.5486307144165
030701060502,752,4121,164839999.99999994,2.2059166431427,3.5258259773254395,1.3199093341827393,3.0240652551931015,0.20058954741509172,12462.172916650772
030602040501,848,2574,102959999.99999996,2.480426788330078,3.511636734008789,1.031209945678711,3.03475672428054,0.26829229325713183,7811.463808298111
030602040502,871,2223,88919999.99999997,2.4006218910217285,3.5622920989990234,1.161670207977295,3.0575060768273303,0.19268313877812537,6796.836008787155
030602040401,899,2756,110239999.99999996,2.658557891845703,3.8308615684509277,1.1723036766052246,3.261408804636043,0.29165217418046613,8988.442665576935
030602040301,982,2500,99999999.99999997,2.356025218963623,4.165053844451904,1.8090286254882812,3.279459775352478,0.44007804999145034,8198.649438381195
030602040201,1000,4612,184479999.99999994,2.0637764930725098,4.197888374328613,2.1341118812561035,3.0790054772278586,0.6809823554358375,14200.373260974884
030602040602,1045,2786,111439999.99999996,2.621732711791992,4.098475456237793,1.4767427444458008,3.3577966526610683,0.30088162620224007,9354.821474313736
030602040601,1078,3882,155279999.99999994,2.90234637260437,4.186817169189453,1.284470796585083,3.5626217411818546,0.33400219277734206,13830.09759926796
030601100306,1105,577,23079999.999999993,3.5009589195251465,3.605898380279541,0.10493946075439453,3.5387676741469463,0.0239931303442949,2041.868947982788
030601100303,1143,796,31839999.99999999,3.467289447784424,3.5737037658691406,0.1064143180847168,3.4887018530213054,0.02359418544257533,2777.006675004959
030602040101,1165,4171,166839999.99999994,1.9911894798278809,3.5012879371643066,1.5100984573364258,2.65351326132358,0.3920763202483248,11067.803812980652
030601100202,1171,1045,41799999.999999985,3.133333683013916,3.5155582427978516,0.38222455978393555,3.4226918006057376,0.09336168278795308,3576.7129316329956
030601100302,1179,387,15479999.999999994,3.560303211212158,4.039551258087158,0.479248046875,3.74866399777336,0.08777926131717091,1450.7329671382904
030601100305,1180,22,879999.9999999997,3.5558388233184814,4.036291122436523,0.480452299118042,3.803427219390869,0.185941423903699,83.67539882659912
030601100301,1185,947,37879999.999999985,3.4796810150146484,3.8244690895080566,0.3447880744934082,3.6186088553955336,0.10231507530077705,3426.8225860595703
030502080609,1193,129,5159999.999999998,3.7984344959259033,4.030707836151123,0.23227334022521973,3.8252323912095654,0.023380040023450965,493.45497846603394
030601100304,1196,1281,51239999.99999998,3.492741823196411,3.90153431892395,0.40879249572753906,3.667055892534874,0.10600783125097558,4697.4985983371735
030502080606,1238,1119,44759999.999999985,3.4666671752929688,3.781036615371704,0.31436944007873535,3.483257621819681,0.04744290395501256,3897.765278816223
030502080607,1276,1830,73199999.99999997,3.466667890548706,4.167389392852783,0.7007215023040771,3.7184233214685825,0.2170689409592636,6804.714678287506
030502100104,1277,28,1119999.9999999995,3.4666671752929688,3.865372657775879,0.39870548248291016,3.6472224422863553,0.18840618542993579,102.12222838401794
030502080608,1279,2452,98079999.99999997,3.4703149795532227,4.199999809265137,0.7296848297119141,3.8231952192343854,0.24007734912799544,9374.474677562714
030502100102,1282,2433,97319999.99999997,3.1333346366882324,3.8873703479766846,0.7540357112884521,3.5071348211082274,0.13497718212507614,8532.859019756317
030502080503,1292,1639,65559999.99999998,3.135599136352539,4.191973686218262,1.0563745498657227,3.7040207339467766,0.2277323898685582,6070.8899829387665
030502080501,1297,443,17719999.999999993,3.664093017578125,4.1145148277282715,0.4504218101501465,3.8263134875631226,0.10907502423264945,1695.0568749904633
030502100103,1312,36,1439999.9999999995,3.478151798248291,3.736088752746582,0.257936954498291,3.6336899399757385,0.09733560027444421,130.8128378391266
030502100101,1314,816,32639999.99999999,3.2338666915893555,3.638004779815674,0.40413808822631836,3.467097522289145,0.049010452204122375,2829.1515781879425
030502080604,1320,601,24039999.999999993,3.4699480533599854,3.8290586471557617,0.35911059379577637,3.5603954363583328,0.08925659245363003,2139.797657251358
030502080502,1329,860,34399999.999999985,3.6351306438446045,4.469191074371338,0.8340604305267334,4.060087205642878,0.258241833180159,3491.6749968528748
030502071106,1345,133,5319999.999999998,3.621434211730957,3.817457675933838,0.19602346420288086,3.770063722940316,0.052993731426952115,501.418475151062
030502071103,1346,1854,74159999.99999997,2.4669008255004883,4.244500160217285,1.7775993347167969,3.452859278378492,0.26813403120707774,6401.601102113724
030502080605,1349,1464,58559999.99999998,3.1093010902404785,4.19984245300293,1.0905413627624512,3.8434188619988863,0.16437099028830873,5626.76521396637
030502080603,1362,529,21159999.999999993,3.3079466819763184,3.8929736614227295,0.5850269794464111,3.679005173519113,0.15821496452909675,1946.1937367916107
030502071104,1369,1739,69559999.99999997,2.6399013996124268,4.127748489379883,1.487847089767456,3.5398934944530134,0.24636408836320994,6155.87478685379
030502080406,1374,56,2239999.999999999,2.882211685180664,3.071532726287842,0.18932104110717773,2.9308745988777707,0.041750368559424725,164.12897753715515
030502071102,1378,1670,66799999.99999998,3.302419662475586,4.599879264831543,1.297459602355957,4.134718648545043,0.2907668741522255,6904.980143070221
030502060309,1401,124,4959999.999999998,3.5862643718719482,3.657351493835449,0.07108712196350098,3.640477495808755,0.011628363760667,451.41920948028564
030502080407,1409,523,20919999.999999993,2.8666799068450928,3.866635322570801,0.999955415725708,3.0043791484650417,0.24765194228511303,1571.2902946472168
030502060406,1415,42,1679999.9999999993,3.545534133911133,3.5941972732543945,0.04866313934326172,3.562403905959356,0.011087158831290567,149.62096405029297
030502080602,1419,262,10479999.999999996,3.3269052505493164,3.8997018337249756,0.5727965831756592,3.819661289681005,0.11537092590990265,1000.7512578964233
030502060307,1426,550,21999999.999999993,3.0557594299316406,3.866665840148926,0.8109064102172852,3.551555889303034,0.18056010211807214,1953.3557391166687
030502071101,1434,1542,61679999.99999998,2.4106853008270264,4.518457412719727,2.1077721118927,3.5980431105840065,0.49927836282449345,5548.182476520538
030502071003,1466,2061,82439999.99999997,2.436668634414673,3.7727298736572266,1.3360612392425537,3.1245701624200737,0.3264593441118122,6439.739104747772
030502060308,1468,2387,95479999.99999997,2.7803783416748047,3.86468505859375,1.0843067169189453,3.305760786230713,0.3153175675318599,7890.850996732712
030502080601,1474,363,14519999.999999994,2.9542009830474854,3.8666694164276123,0.912468433380127,3.2584629209902003,0.18561158700855257,1182.8220403194427
030502070706,1477,1149,45959999.999999985,2.411254405975342,3.6679234504699707,1.256669044494629,3.067266117914331,0.36579931585671366,3524.2887694835663
030502070704,1484,192,7679999.999999997,3.451998710632324,3.695736885070801,0.24373817443847656,3.6084205309549966,0.07238372230543885,692.8167419433594
030502020207,1486,30,1199999.9999999995,3.481539487838745,3.865901231765747,0.38436174392700195,3.814597988128662,0.12781738211977578,114.43793964385986
030502070705,1491,502,20079999.999999993,2.480294942855835,3.3712666034698486,0.8909716606140137,2.873595518419942,0.23052543053365251,1442.544950246811
030502020203,1495,715,28599999.99999999,3.4236645698547363,3.8661398887634277,0.4424753189086914,3.583155220538586,0.1430379708694088,2561.955982685089
030502060405,1501,2270,90799999.99999997,2.1655118465423584,3.6367640495300293,1.471252202987671,3.1346232839617962,0.3473484896464308,7115.594854593277
030502060403,1512,282,11279999.999999996,2.2282469272613525,3.2994654178619385,1.071218490600586,3.0044026247998503,0.13420396992265962,847.2415401935577
030502060306,1540,113,4519999.999999998,2.7569799423217773,3.0314269065856934,0.274446964263916,2.957366196455154,0.06498442513650682,334.1823801994324
030502020204,1542,627,25079999.999999993,3.7673168182373047,3.866666793823242,0.0993499755859375,3.852839796546924,0.019486135676510325,2415.7305524349213
030502060401,1549,398,15919999.999999994,2.0795693397521973,2.790879487991333,0.7113101482391357,2.564031868124727,0.22618333359432274,1020.4846835136414
030502070703,1550,104,4159999.9999999986,3.4670443534851074,3.625481128692627,0.15843677520751953,3.5590002811872044,0.03219636675092026,370.13602924346924
030502020205,1553,753,30119999.99999999,3.3590176105499268,3.866666793823242,0.5076491832733154,3.8375305515203184,0.07192591124525126,2889.6605052948
030502060404,1559,593,23719999.999999993,3.15433931350708,3.521267890930176,0.3669285774230957,3.413989801229956,0.07067936407838414,2024.495952129364
030502060402,1561,1014,40559999.999999985,2.074859619140625,3.4681811332702637,1.3933215141296387,2.9263768711033658,0.3899688698571724,2967.346147298813
030502020201,1583,20,799999.9999999998,3.1796116828918457,3.3402698040008545,0.1606581211090088,3.303562879562378,0.03758445268400194,66.07125759124756
030502010708,1596,61,2439999.999999999,3.794219970703125,3.858414888381958,0.06419491767883301,3.841592046081043,0.02025510209383783,234.3371148109436
030502020104,1610,137,5479999.999999998,3.1079344749450684,3.2059178352355957,0.09798336029052734,3.1594323206992043,0.023214826199279177,432.842227935791
030502020202,1636,1044,41759999.999999985,1.2964990139007568,3.4090774059295654,2.1125783920288086,2.6098994739439294,0.4175864461615747,2724.7350507974625
030502090207,1651,15,599999.9999999998,3.820140838623047,3.848428964614868,0.02828812599182129,3.8400077342987062,0.011123601094284922,57.60011601448059
030502090204,1659,454,18159999.999999993,3.826808452606201,3.8648526668548584,0.03804421424865723,3.850250985653915,0.00898499913373327,1748.0139474868774
030502010605,1673,1097,43879999.999999985,1.13698410987854,3.656820058822632,2.519835948944092,2.248300725259668,0.4683666375866702,2466.3858956098557
030502020105,1685,131,5239999.999999998,2.8989877700805664,3.134416341781616,0.2354285717010498,3.0302549609701144,0.052434628117621264,396.96339988708496
030502010707,1692,2400,95999999.99999997,2.5290069580078125,4.033915042877197,1.5049080848693848,3.6498538798093794,0.3220483259431711,8759.649311542511
030502010604,1708,316,12639999.999999996,2.259434223175049,2.6627092361450195,0.4032750129699707,2.472049953062323,0.13175004057951156,781.1677851676941
030502090206,1725,111,4439999.999999998,3.866666793823242,3.866666793823242,0.0,3.866666793823242,0.0,429.2000141143799
030502010402,1735,1312,52479999.99999998,3.430994987487793,3.866666793823242,0.4356718063354492,3.688298778199568,0.1343834078770219,4839.047996997833
030502090203,1747,2025,80999999.99999997,3.8101654052734375,3.866666793823242,0.05650138854980469,3.8630730273399823,0.010344582034834042,7822.722880363464
030502010603,1761,1,39999.999999999985,2.4156200885772705,2.4156200885772705,0.0,2.4156200885772705,0.0,2.4156200885772705
030502010703,1767,8,319999.9999999999,3.6526832580566406,3.703338384628296,0.05065512657165527,3.6763758063316345,0.015930164132911515,29.411006450653076
030502010706,1790,201,8039999.999999997,2.8213672637939453,3.7726902961730957,0.9513230323791504,3.1380841554100836,0.2535055389225374,630.7549152374268
030502010705,1810,199,7959999.999999997,2.8248143196105957,3.6411352157592773,0.8163208961486816,3.0345631436486937,0.20881311968706692,603.8780655860901
030502010401,1816,583,23319999.999999993,3.533344030380249,3.866666793823242,0.33332276344299316,3.70036241120785,0.0944191692362972,2157.3112857341766
030502010305,1820,5,199999.99999999994,3.8531246185302734,3.860635280609131,0.007510662078857422,3.8575117111206056,0.002763338591647363,19.287558555603027
030502090205,1825,1361,54439999.99999998,3.1948046684265137,3.7944438457489014,0.5996391773223877,3.5521759844982475,0.0717435147731204,4834.511514902115
030502010704,1846,29,1159999.9999999995,3.6474435329437256,3.77897310256958,0.1315295696258545,3.685461430714048,0.03876120001389399,106.8783814907074
030502010702,1862,43,1719999.9999999993,3.504453182220459,3.770218849182129,0.2657656669616699,3.5814668134201404,0.11056415075769745,154.00307297706604
030502010306,1869,46,1839999.9999999993,3.6306893825531006,3.8680543899536133,0.2373650074005127,3.8105756407198697,0.0801781275764067,175.286479473114
030502090201,1877,69,2759999.999999999,3.527991533279419,3.5333333015441895,0.005341768264770508,3.5325689488562984,0.001434313380850506,243.7472574710846
030502090102,1905,81,3239999.9999999986,3.219813585281372,3.8444032669067383,0.6245896816253662,3.6493870829358515,0.26450461055240093,295.60035371780396
030502090101,1909,2405,96199999.99999997,3.2022762298583984,3.8443288803100586,0.6420526504516602,3.6881902223813063,0.15295415733277185,8870.097484827042
030502090202,1910,2135,85399999.99999997,2.5193610191345215,3.866666793823242,1.3473057746887207,3.5676229565149167,0.2712195235778889,7616.8750121593475
030501120304,1915,2,79999.99999999997,3.411831855773926,4.1774396896362305,0.7656078338623047,3.794635772705078,0.38280391693115234,7.589271545410156
030501120404,1929,50,1999999.9999999993,4.164907932281494,4.190278053283691,0.025370121002197266,4.178786392211914,0.007077521187636834,208.9393196105957
030502010701,1947,199,7959999.999999997,3.5135717391967773,3.7698779106140137,0.25630617141723633,3.636371812628741,0.08614776180224586,723.6379907131195
030501120303,1973,827,33079999.99999999,3.1959075927734375,4.186591625213623,0.9906840324401855,3.5491376888939374,0.2615964337225459,2935.1368687152863
030402070210,1986,11,439999.9999999998,3.8455123901367188,4.189720630645752,0.3442082405090332,3.89325027032332,0.09563265771802566,42.82575297355652
030501120403,2021,1344,53759999.99999998,2.865680694580078,4.195402145385742,1.329721450805664,3.45967166817614,0.4214749362372054,4649.798722028732
030402070209,2056,1,39999.999999999985,3.926858425140381,3.926858425140381,0.0,3.926858425140381,0.0,3.926858425140381
030402070208,2081,2511,100439999.99999997,2.800001621246338,4.183592319488525,1.3835906982421875,3.3472279208155564,0.3591475107188889,8404.889309167862
030402080404,2130,9,359999.9999999999,3.519613027572632,3.56356143951416,0.04394841194152832,3.547931326760186,0.01506494611727158,31.931381940841675
030402080402,2143,580,23199999.999999993,3.147251844406128,3.817474365234375,0.6702225208282471,3.4793096410817115,0.1860287526530612,2017.9995918273926
030402080403,2191,5,199999.99999999994,3.544299840927124,3.6289076805114746,0.08460783958435059,3.582418346405029,0.0342247522196011,17.912091732025146
030402080401,2193,149,5959999.999999998,3.4666671752929688,3.640580177307129,0.17391300201416016,3.5387130807710174,0.04021909636782701,527.2682490348816
030402061003,2235,188,7519999.999999997,2.8036017417907715,3.3442296981811523,0.5406279563903809,2.933108483223205,0.18709407349196222,551.4243948459625
030402070207,2252,39,1559999.9999999995,2.804443597793579,2.810356616973877,0.0059130191802978516,2.8068834390395727,0.0016301313243091374,109.46845412254333
030402080310,2272,387,15479999.999999994,3.4666671752929688,4.333333969116211,0.8666667938232422,3.9167964403019395,0.4330077732487279,1515.8002223968506
030402080314,2401,1,39999.999999999985,4.333333969116211,4.333333969116211,0.0,4.333333969116211,0.0,4.333333969116211
030402080307,2415,15,599999.9999999998,4.333333969116211,4.333333969116211,0.0,4.333333969116211,0.0,65.00000953674316
030402080306,2469,150,5999999.999999998,3.4666671752929688,4.333333969116211,0.8666667938232422,4.252445068359375,0.2521124947501933,637.8667602539062
030402080312,2493,9,359999.9999999999,3.4666671752929688,3.4666671752929688,0.0,3.4666671752929688,0.0,31.20000457763672
030402080301,2497,129,5159999.999999998,3.4666671752929688,4.333333969116211,0.8666667938232422,4.044445037841797,0.4085506446277453,521.7334098815918
030402080305,2500,398,15919999.999999994,3.4666671752929688,3.4666671752929688,0.0,3.4666671752929688,0.0,1379.7335357666016
030402080309,2509,3,119999.99999999996,3.4666671752929688,3.4666671752929688,0.0,3.4666671752929688,0.0,10.400001525878906
030402080304,2520,237,9479999.999999996,3.4666671752929688,3.4666671752929688,0.0,3.4666671752929688,0.0,821.6001205444336
030402080303,2522,82,3279999.9999999986,3.4666671752929688,3.4666671752929688,0.0,3.4666671752929688,0.0,284.26670837402344
030402080302,2527,1,39999.999999999985,3.4666671752929688,3.4666671752929688,0.0,3.4666671752929688,0.0,3.4666671752929688
030402080205,2544,7,279999.9999999999,3.4666671752929688,3.4666671752929688,0.0,3.4666671752929688,0.0,24.26667022705078
030300050804,2557,39,1559999.9999999995,3.6023306846618652,3.616231918334961,0.013901233673095703,3.6099365674532375,0.0034451011042367858,140.78752613067627
030402080108,2560,5,199999.99999999994,3.4666671752929688,3.475522994995117,0.008855819702148438,3.4684383392333986,0.0035423278807791407,17.342191696166992
030402080203,2586,68,2719999.999999999,3.4666671752929688,3.4666671752929688,0.0,3.4666671752929688,0.0,235.73336791992188
030402080107,2587,262,10479999.999999996,3.4666671752929688,3.5370240211486816,0.07035684585571289,3.4837994648300055,0.017192984593214385,912.7554597854614
030402080204,2606,622,24879999.999999993,3.4666671752929688,3.4666671752929688,0.0,3.4666671752929688,0.0,2156.2669830322266
030402080202,2612,40,1599999.9999999995,3.4666671752929688,3.4666671752929688,0.0,3.4666671752929688,0.0,138.66668701171875
030402080105,2614,37,1479999.9999999995,3.476019859313965,3.4917244911193848,0.015704631805419922,3.4827661643157133,0.004449053392119975,128.8623480796814
030402080106,2621,286,11439999.999999996,3.469205379486084,3.479036808013916,0.009831428527832031,3.4726436554968774,0.0020589049843914055,993.1760854721069
030300050802,2628,264,10559999.999999996,3.5088257789611816,3.637761116027832,0.1289353370666504,3.581904584711248,0.028215283045659224,945.6228103637695
030300050803,2633,1892,75679999.99999997,3.594325065612793,3.661695957183838,0.06737089157104492,3.6435884181843248,0.01706728188886009,6893.669287204742
030300050801,2656,188,7519999.999999997,3.648439884185791,3.6678214073181152,0.01938152313232422,3.660300873695536,0.004271716211974162,688.1365642547607
030402080317,2695,17,679999.9999999998,3.4666671752929688,4.333333969116211,0.8666667938232422,3.51764757492963,0.20392159854664496,59.80000877380371
030300050704,2711,834,33359999.99999999,3.6571407318115234,3.681295394897461,0.0241546630859375,3.665400918439138,0.005049216984827084,3056.944365978241
030203020501,2743,364,14559999.999999994,3.647618293762207,4.697900295257568,1.0502820014953613,4.151338802589165,0.5050622450108853,1511.087324142456
030300050702,2758,184,7359999.999999997,3.680077075958252,3.7924933433532715,0.11241626739501953,3.7283898384674736,0.02723058578891777,686.0237302780151
030300050504,2784,281,11239999.999999996,3.4666671752929688,4.432841777801514,0.9661746025085449,3.6386767638535686,0.17388658683608962,1022.4681706428528
030300050603,2789,55,2199999.999999999,3.7132372856140137,3.7895359992980957,0.07629871368408203,3.757270509546453,0.024510737296634777,206.64987802505493
030300050502,2826,7,279999.9999999999,4.599140167236328,4.604331016540527,0.005190849304199219,4.601474557604108,0.0017471792737998,32.21032190322876
030300050503,2832,350,13999999.999999994,3.5258431434631348,4.601634502410889,1.075791358947754,4.431103927067348,0.3412898373201969,1550.8863744735718
030203020502,2872,1201,48039999.999999985,4.547863006591797,4.636301040649414,0.08843803405761719,4.600298660780171,0.01468031622898903,5524.958691596985
030300070808,2875,3,119999.99999999996,4.5821051597595215,4.588409900665283,0.006304740905761719,4.585968176523845,0.00276314965343424,13.757904529571533
030300050501,2879,3,119999.99999999996,4.599358081817627,4.602274417877197,0.0029163360595703125,4.600746154785156,0.0011947088784429124,13.802238464355469
030300070809,2898,83,3319999.9999999986,4.570093631744385,4.599806308746338,0.029712677001953125,4.586722580783339,0.008075914006993196,380.6979742050171
030203020401,2904,479,19159999.999999993,4.615568161010742,4.628848075866699,0.013279914855957031,4.623599002654966,0.003242900048194248,2214.7039222717285
030203020402,2983,92,3679999.9999999986,4.042407035827637,4.058685302734375,0.01627826690673828,4.050477183383444,0.004315182825036523,372.64390087127686
030203020403,2995,1104,44159999.999999985,4.048490047454834,4.6340107917785645,0.5855207443237305,4.335522398136664,0.23480024262082272,4786.416727542877
030203020301,3057,939,37559999.999999985,4.048195838928223,4.242938041687012,0.19474220275878906,4.1433837436639465,0.056529699161438775,3890.6373353004456
030203020209,3094,45,1799999.9999999993,3.859402656555176,4.069039344787598,0.20963668823242188,3.9690532313452827,0.06315659574247219,178.60739541053772
030203020302,3096,897,35879999.999999985,4.023662090301514,4.266658782958984,0.2429966926574707,4.228393367567456,0.05121858417372792,3792.868850708008
030203020210,3115,568,22719999.999999993,3.604222059249878,4.264350414276123,0.6601283550262451,4.0721117883500915,0.16507524798697273,2312.959495782852
030203020208,3138,483,19319999.999999993,3.519843101501465,4.007421016693115,0.4875779151916504,3.7376033583536405,0.1405118473557116,1805.2624220848083
030203010302,3145,570,22799999.999999993,3.2174606323242188,4.038181781768799,0.8207211494445801,3.6703378585346957,0.20748281971181468,2092.0925793647766
030203020207,3159,674,26959999.99999999,2.8685836791992188,3.5430259704589844,0.6744422912597656,3.0967253082230113,0.23899739106340753,2087.1928577423096
030203020205,3163,136,5439999.999999998,2.9082870483398438,3.161421298980713,0.25313425064086914,3.017778217792511,0.06465513118137214,410.4178376197815
030203020206,3183,43,1719999.9999999993,2.876558303833008,2.963225841522217,0.08666753768920898,2.898767426956532,0.021260044581114426,124.64699935913086
030203010304,3189,1057,42279999.999999985,3.456483840942383,4.045259475708008,0.588775634765625,3.7874574275544597,0.10833851239278611,4003.342500925064
030203010301,3210,250,9999999.999999996,2.761229991912842,3.6763558387756348,0.915125846862793,3.3507947854995725,0.24932713716058252,837.6986963748932
030203010303,3212,812,32479999.99999999,4.00973653793335,4.59914493560791,0.5894083976745605,4.476609839007185,0.15873061327539945,3635.0071892738342
030203020203,3219,221,8839999.999999996,2.8684463500976562,2.877502679824829,0.009056329727172852,2.870560332121353,0.0017040170469438773,634.393833398819
030203020105,3221,199,7959999.999999997,2.8769309520721436,2.9082865715026855,0.03135561943054199,2.8891913171988635,0.006604536169243409,574.9490721225739
030203010206,3238,722,28879999.99999999,3.1844968795776367,3.816416025161743,0.6319191455841064,3.732682011464296,0.09559284698361598,2694.9964122772217
030203010703,3241,1144,45759999.999999985,4.063122749328613,4.200000286102295,0.13687753677368164,4.149169810168393,0.04172733345073495,4746.650262832642
030203010701,3242,1062,42479999.999999985,4.234816074371338,4.599993705749512,0.36517763137817383,4.499980337875711,0.13959372491292849,4778.979118824005
030203010702,3243,548,21919999.999999993,3.520561695098877,4.240916728973389,0.7203550338745117,3.8890678234343983,0.24598808685971732,2131.20916724205
030203010205,3244,66,2639999.999999999,3.7948801517486572,3.810539722442627,0.015659570693969727,3.8025377266334766,0.003916279208452172,250.96748995780945
030203010704,3245,924,36959999.999999985,3.5217556953430176,4.200000286102295,0.6782445907592773,3.9876291658971215,0.2424754751889962,3684.5693492889404
030203020202,3246,10,399999.9999999999,2.8658809661865234,2.8699798583984375,0.0040988922119140625,2.8679553985595705,0.0012926122087073722,28.679553985595703
030203010203,3266,61,2439999.999999999,3.1962523460388184,3.5204429626464844,0.324190616607666,3.3896248575116767,0.07585342813089586,206.76711630821228
030203010503,3275,1032,41279999.999999985,3.892062187194824,4.394151210784912,0.5020890235900879,4.176602127247079,0.05794279550976764,4310.253395318985
030203010204,3277,44,1759999.9999999993,3.750598430633545,3.7760021686553955,0.025403738021850586,3.7639301636002283,0.007267755720836755,165.61292719841003
030203010406,3288,1360,54399999.99999998,3.4933547973632812,4.075277328491211,0.5819225311279297,3.64299257923575,0.12046905367781215,4954.46990776062
030203010402,3314,61,2439999.999999999,4.073887825012207,4.268709182739258,0.19482135772705078,4.185542059726402,0.04666620120910133,255.31806564331055
030203010403,3316,13,519999.9999999998,3.9528744220733643,4.1104936599731445,0.15761923789978027,4.030391766474797,0.050886382855302434,52.39509296417236
030203010604,3321,1888,75519999.99999997,4.059364318847656,4.48500394821167,0.42563962936401367,4.320526749400769,0.13318819802784254,8157.154502868652
030203010202,3328,1,39999.999999999985,3.338959217071533,3.338959217071533,0.0,3.338959217071533,0.0,3.338959217071533
030203010404,3331,129,5159999.999999998,3.538050651550293,3.7080228328704834,0.16997218132019043,3.6095274640608204,0.04073402842039169,465.6290428638458
030203010405,3340,232,9279999.999999996,3.616565227508545,3.7729103565216064,0.15634512901306152,3.695786348704634,0.03188721835251476,857.4224328994751
030203010501,3357,290,11599999.999999996,4.16184139251709,4.479177474975586,0.3173360824584961,4.358457285782387,0.08837187946219831,1263.952612876892
030203010502,3358,675,26999999.99999999,3.699787139892578,4.184711933135986,0.4849247932434082,3.9042933361618606,0.11864965614188132,2635.398001909256
030203010603,3369,402,16079999.999999994,4.4349236488342285,4.47575569152832,0.0408320426940918,4.451913127851723,0.009331749969920367,1789.6690773963928
030203010602,3370,932,37279999.999999985,4.195133209228516,4.435601234436035,0.24046802520751953,4.377464780480054,0.04269409008672504,4079.7971754074097
030202040504,3388,273,10919999.999999996,2.960416316986084,3.1879024505615234,0.22748613357543945,3.1111827359531388,0.03868931521058447,849.3528869152069
030203010601,3391,83,3319999.9999999986,4.310699462890625,4.441508769989014,0.13080930709838867,4.369110699159553,0.02762330280388598,362.6361880302429
030202040602,3395,456,18239999.999999993,2.7976503372192383,4.134408950805664,1.3367586135864258,3.360170926441226,0.27400883454980346,1532.237942457199
030202040502,3419,376,15039999.999999994,2.2021377086639404,3.0453004837036133,0.8431627750396729,2.460149088438521,0.18551306598047382,925.0160572528839
030202040505,3434,1850,73999999.99999997,2.202080249786377,3.5380616188049316,1.3359813690185547,3.018031354594875,0.36758786559626805,5583.358006000519
030202040604,3435,780,31199999.99999999,2.8253302574157715,4.478126049041748,1.6527957916259766,3.9619024478472196,0.36464410642078127,3090.2839093208313
030202040605,3453,1828,73119999.99999997,2.696110248565674,4.141653060913086,1.445542812347412,3.153752155194397,0.4619952730110233,5765.058939695358
030202040701,3455,961,38439999.999999985,3.8840296268463135,4.243844032287598,0.3598144054412842,4.1559957897253765,0.06386224612705826,3993.9119539260864
030202040901,3458,1599,63959999.99999998,3.7244348526000977,4.118290424346924,0.39385557174682617,3.9035373750964575,0.0608534516715942,6241.756262779236
030202040302,3461,30,1199999.9999999995,2.687908887863159,2.7019824981689453,0.014073610305786133,2.700247081120809,0.0023606714074068703,81.00741243362427
030202040305,3466,5,199999.99999999994,2.6642251014709473,2.6999948024749756,0.03576970100402832,2.671401834487915,0.014296504098342001,13.357009172439575
030202040601,3470,273,10919999.999999996,2.7219386100769043,3.3295788764953613,0.607640266418457,2.9428327415452333,0.19648323249215718,803.3933384418488
030202040603,3479,413,16519999.999999994,2.7266323566436768,3.969512939453125,1.2428805828094482,3.357978842160315,0.37999028057544426,1386.84526181221
030202040503,3487,395,15799999.999999994,2.5393407344818115,3.530391216278076,0.9910504817962646,3.2214557182939747,0.24034712023725968,1272.47500872612
030202040702,3495,1491,59639999.99999998,3.809694290161133,4.142214775085449,0.3325204849243164,3.935667265828706,0.07983323671809807,5868.079893350601
030202040404,3496,736,29439999.99999999,2.5340654850006104,2.691814661026001,0.15774917602539062,2.6062267296340154,0.03643473770196544,1918.1828730106354
030202040903,3512,721,28839999.99999999,3.6463050842285156,4.599815368652344,0.9535102844238281,4.504456793881653,0.16265621741972602,3247.713348388672
030202040403,3513,176,7039999.999999997,2.533431053161621,2.5890145301818848,0.05558347702026367,2.546740259636532,0.014883948483321578,448.22628569602966
030202040902,3520,2920,116799999.99999996,3.2491455078125,4.595690727233887,1.3465452194213867,3.9174908468168077,0.40634244899645294,11439.073272705078
030202040704,3521,1571,62839999.99999998,3.6921939849853516,4.521614074707031,0.8294200897216797,4.069259639305343,0.15966834565549307,6392.806893348694
030202040401,3532,156,6239999.999999998,2.6484060287475586,2.69130539894104,0.042899370193481445,2.6702885260948768,0.012200663848606417,416.5650100708008
030202040501,3541,150,5999999.999999998,2.5333335399627686,2.5743227005004883,0.04098916053771973,2.5393857447306316,0.009401688744838743,380.9078617095947
030202040705,3547,2518,100719999.99999997,3.542280673980713,4.342225074768066,0.7999444007873535,3.8415011580355873,0.15536116366065345,9672.899915933609
030202040703,3555,1109,44359999.999999985,3.541553020477295,3.969921112060547,0.42836809158325195,3.700709990921915,0.14593428891112928,4104.087379932404
030201050206,3561,1438,57519999.99999998,3.341660976409912,4.563867568969727,1.2222065925598145,4.080437795177454,0.34303816306379936,5867.669549465179
030202040801,3565,45,1799999.9999999993,3.3102822303771973,3.4716949462890625,0.16141271591186523,3.393301894929674,0.04787380302311114,152.69858527183533
030202040802,3578,670,26799999.99999999,3.4764485359191895,3.9543094635009766,0.4778609275817871,3.749820914909021,0.06554413837920282,2512.380012989044
030202040803,3607,2381,95239999.99999997,3.568178653717041,4.238914489746094,0.6707358360290527,3.96109634364968,0.16334904314866786,9431.370394229889
030202040904,3610,8266,330639999.9999999,2.9750123023986816,4.58255672454834,1.6075444221496582,3.8663255977422946,0.2770908921042212,31959.047390937805
030201050207,3621,2498,99919999.99999997,3.3837714195251465,4.447482109069824,1.0637106895446777,4.121913087950219,0.2935413946259096,10296.538893699646
030202040804,3631,1136,45439999.999999985,3.991645336151123,4.27712345123291,0.2854781150817871,4.198630915561193,0.06474587245132482,4769.644720077515
030201040205,3636,42,1679999.9999999993,3.811868667602539,3.933976173400879,0.12210750579833984,3.8734778336116245,0.03119321008421249,162.68606901168823
030202040805,3649,1021,40839999.999999985,3.8622822761535645,4.437441349029541,0.5751590728759766,4.22708387659766,0.11514363056786318,4315.85263800621
030201050202,3658,7811,312439999.9999999,2.867070198059082,4.134541988372803,1.2674717903137207,3.3949238484501914,0.3138376013021536,26517.750180244446
030201040702,3675,603,24119999.999999993,4.2668352127075195,4.343092441558838,0.07625722885131836,4.284384463359269,0.0160758375006071,2583.4838314056396
030201040701,3678,1200,47999999.999999985,4.256630897521973,4.270956993103027,0.014326095581054688,4.2673295211791995,0.0017385002395694528,5120.795425415039
030201040206,3687,1035,41399999.999999985,3.6121954917907715,4.282528877258301,0.6703333854675293,4.09560768339369,0.21234836835841683,4238.9539523124695
030201050205,3693,1545,61799999.99999998,3.3246779441833496,4.064714431762695,0.7400364875793457,3.480517510688806,0.1479281480057988,5377.399554014206
030201040203,3695,186,7439999.999999997,3.4905858039855957,3.6016435623168945,0.11105775833129883,3.5948102038393737,0.02307052365280744,668.6346979141235
030203010605,3700,1778,71119999.99999997,3.9345974922180176,4.330327033996582,0.39572954177856445,3.9982195332294372,0.10355601635107226,7108.83433008194
030203010606,3701,3370,134799999.99999994,3.9330344200134277,4.599839687347412,0.6668052673339844,4.15334988305406,0.22401354790594963,13996.789105892181
030201040107,3713,22,879999.9999999997,3.2067089080810547,3.60677433013916,0.40006542205810547,3.58783297105269,0.08316951400464809,78.93232536315918
030201050201,3719,5800,231999999.9999999,3.3004708290100098,4.996463775634766,1.6959929466247559,4.522538857871089,0.4026719234591756,26230.725375652313
030201050306,3724,1027,41079999.999999985,3.534454584121704,4.957066059112549,1.4226114749908447,4.384999084844097,0.47870304577176603,4503.394060134888
030201040204,3735,843,33719999.999999985,3.6000008583068848,3.6051321029663086,0.005131244659423828,3.6002326809214527,0.0005456170820488381,3034.9961500167847
030201040703,3736,2270,90799999.99999997,4.266965866088867,4.819032669067383,0.5520668029785156,4.484656708461072,0.13559554985878364,10180.170728206635
030201050106,3741,1728,69119999.99999997,3.8195900917053223,4.950527191162109,1.130937099456787,4.518988110125065,0.19599765778759515,7808.811454296112
030201040109,3751,1243,49719999.999999985,3.000000238418579,3.6073946952819824,0.6073944568634033,3.601304713507765,0.017183204860644674,4476.421758890152
030201050203,3752,6812,272479999.9999999,3.446753978729248,4.986044883728027,1.5392909049987793,4.032495904934805,0.4466042384850614,27469.362104415894
030201040207,3761,2585,103399999.99999996,3.601101875305176,4.571692943572998,0.9705910682678223,4.026348387941401,0.3052332334268652,10408.110582828522
030201040604,3762,1192,47679999.999999985,4.48488187789917,4.69101095199585,0.2061290740966797,4.598930458894512,0.019468901849986356,5481.925107002258
030201050103,3766,1678,67119999.99999997,4.663856506347656,5.000000476837158,0.33614397048950195,4.963256691295001,0.07707317125022169,8328.344727993011
030201050305,3769,2725,108999999.99999996,4.146304130554199,4.909719467163086,0.7634153366088867,4.515734529757719,0.2729957070496566,12305.376593589783
030201040103,3777,669,26759999.99999999,3.000000238418579,3.6000008583068848,0.6000006198883057,3.0260092338995372,0.12218406428524008,2024.4001774787903
030201040108,3785,61,2439999.999999999,3.602919578552246,3.6055078506469727,0.0025882720947265625,3.6041936952559674,0.0006359858504821436,219.855815410614
030201050105,3790,719,28759999.99999999,4.730795860290527,4.984236717224121,0.25344085693359375,4.908129713299875,0.062319704044136774,3528.94526386261
030201040201,3793,274,10959999.999999996,3.600048542022705,3.6278586387634277,0.027810096740722656,3.604900367068548,0.006464626922819111,987.7427005767822
030201050204,3794,13270,530799999.9999998,3.3497519493103027,4.571772575378418,1.2220206260681152,3.8926525702940045,0.233632331012475,51655.49960780144
030201050104,3796,1389,55559999.99999998,4.861629486083984,4.999985218048096,0.13835573196411133,4.984322807100542,0.022034697028103022,6923.224379062653
030201050107,3802,391,15639999.999999994,4.426059246063232,4.802436828613281,0.37637758255004883,4.538982488920012,0.079861723018959,1774.7421531677246
030201040603,3804,1584,63359999.99999998,3.6000008583068848,4.851759433746338,1.2517585754394531,4.186277968714935,0.39907244006587617,6631.064302444458
030201040105,3806,56,2239999.999999999,3.6000008583068848,3.6094517707824707,0.009450912475585938,3.6064866951533725,0.00310247536059737,201.96325492858887
030201040602,3813,449,17959999.999999993,3.6000852584838867,3.6876087188720703,0.0875234603881836,3.6310860946077548,0.023521362965749838,1630.3576564788818
030201040101,3818,11,439999.9999999998,3.000000238418579,3.000000238418579,0.0,3.000000238418579,0.0,33.00000262260437
030201040505,3833,1604,64159999.99999998,3.787416458129883,4.894787311553955,1.1073708534240723,4.371377485351372,0.18956945069480033,7011.689486503601
030201050108,3835,1208,48319999.999999985,3.947214126586914,4.601298809051514,0.6540846824645996,4.354692593315579,0.11550935085733517,5260.46865272522
030201050102,3836,470,18799999.999999993,4.894912242889404,4.999992847442627,0.10508060455322266,4.996307277679444,0.006815958850633983,2348.2644205093384
030201040304,3867,148,5919999.999999998,3.646117687225342,3.7648205757141113,0.11870288848876953,3.6961968976098136,0.02673556862450006,547.0371408462524
030201040305,3883,253,10119999.999999996,3.620136260986328,3.8305721282958984,0.2104358673095703,3.7023873197231367,0.04891191113484371,936.7039918899536
030201040503,3885,92,3679999.9999999986,3.671316146850586,4.778962135314941,1.1076459884643555,4.253812598145527,0.3913397456512367,391.3507590293884
030201050304,3899,3033,121319999.99999996,4.144230842590332,4.715250015258789,0.571019172668457,4.38153723620205,0.22141892686487827,13289.202437400818
030201040404,3900,360,14399999.999999994,4.181835651397705,4.40279483795166,0.22095918655395508,4.279565693272485,0.053874643457411824,1540.6436495780945
030201050101,3912,10,399999.9999999999,4.790782928466797,4.804103851318359,0.0133209228515625,4.797885227203369,0.0045198762606727914,47.97885227203369
030201050301,3918,1388,55519999.99999998,4.057456970214844,4.49165678024292,0.43419981002807617,4.3155703874417615,0.07653503583874602,5990.011697769165
030201050303,3929,25674,1026959999.9999996,3.3897266387939453,4.991456031799316,1.601729393005371,4.393564005465284,0.3347084238443896,112800.36227631569
030201040501,3947,8,319999.9999999999,3.561141014099121,3.5820960998535156,0.02095508575439453,3.5725513696670532,0.006571513960171931,28.580410957336426
030201040403,3949,42,1679999.9999999993,4.039117813110352,4.061600685119629,0.022482872009277344,4.050048305874779,0.006872152643993085,170.10202884674072
030201040504,3950,135,5399999.999999998,4.407878398895264,4.755632400512695,0.34775400161743164,4.587338235643175,0.11522030285876232,619.2906618118286
030201040401,3955,13,519999.9999999998,4.034706115722656,4.058312892913818,0.02360677719116211,4.040547480949988,0.005747589763269429,52.52711725234985
030201040502,3958,348,13919999.999999994,3.297244071960449,3.6670074462890625,0.3697633743286133,3.442316032689193,0.10194568944821877,1197.9259793758392
030102050805,3973,1,39999.999999999985,4.266669750213623,4.266669750213623,0.0,4.266669750213623,0.0,4.266669750213623
030102050804,3984,306,12239999.999999996,3.269599437713623,4.266654968261719,0.9970555305480957,3.752931276957194,0.4186832678835272,1148.3969707489014
030201050302,3985,1074,42959999.999999985,3.933410167694092,4.097020149230957,0.16360998153686523,3.9759993615319167,0.0394794748881941,4270.223314285278
030102050803,4005,254,10159999.999999996,3.266698122024536,3.3132853507995605,0.046587228775024414,3.273449345836489,0.00895497147433411,831.4561338424683
030102050807,4015,1156,46239999.999999985,4.194252967834473,4.267743110656738,0.07349014282226562,4.265466537030098,0.006639144023111747,4930.879316806793
030102050806,4031,2,79999.99999999997,4.266667366027832,4.266667366027832,0.0,4.266667366027832,0.0,8.533334732055664
030102051504,4043,1162,46479999.999999985,3.934183120727539,4.274463176727295,0.34028005599975586,4.213200649172837,0.10672292108901643,4895.739154338837
030102050809,4063,1174,46959999.999999985,4.18663215637207,4.272186279296875,0.08555412292480469,4.254917226008296,0.015010220417406385,4995.27282333374
030102050808,4064,350,13999999.999999994,3.825333595275879,4.343189239501953,0.5178556442260742,4.207740869522095,0.1337687690327622,1472.7093043327332
030102051506,4070,10451,418039999.9999998,4.008284091949463,4.977089881896973,0.9688057899475098,4.3720851875745375,0.13148532450659509,45692.66229534149
030102050104,4086,102,4079999.9999999986,3.7102928161621094,4.26203727722168,0.5517444610595703,4.106367214053285,0.16296885479793202,418.84945583343506
030101070903,4093,294,11759999.999999996,3.965987205505371,4.263880729675293,0.2978935241699219,4.184381747732357,0.07586147302382777,1230.208233833313
030102051501,4100,402,16079999.999999994,3.837064743041992,4.27035665512085,0.4332919120788574,3.9516097372444117,0.12031460105551567,1588.5471143722534
030102051505,4102,4475,178999999.99999994,4.277527809143066,4.646603584289551,0.3690757751464844,4.446873667839519,0.1063949880180965,19899.759663581848
030102050901,4111,1,39999.999999999985,3.9757912158966064,3.9757912158966064,0.0,3.9757912158966064,0.0,3.9757912158966064
030102050903,4116,1700,67999999.99999997,3.839323043823242,4.342755317687988,0.5034322738647461,4.127703053670771,0.12562813274825904,7017.095191240311
030102051503,4123,2316,92639999.99999997,3.8627986907958984,4.54618501663208,0.6833863258361816,4.1147744492957425,0.15600948676569026,9529.81762456894
030102050902,4124,159,6359999.999999998,4.316235065460205,4.580583572387695,0.26434850692749023,4.4454293071099045,0.07674329728004128,706.8232598304749
030102050106,4125,349,13959999.999999994,3.0060057640075684,4.420591354370117,1.4145855903625488,3.3992440208664596,0.39389493588251046,1186.3361632823944
030102051507,4129,1433,57319999.99999998,4.267149925231934,4.608569622039795,0.34141969680786133,4.480112479436839,0.13488638162136382,6420.0011830329895
030102050207,4132,416,16639999.999999994,4.371695518493652,4.601289749145508,0.22959423065185547,4.573726006425344,0.031032111393509147,1902.6700186729431
030102050206,4133,157,6279999.999999998,4.599809646606445,4.728550910949707,0.12874126434326172,4.636173770685864,0.03261343467069122,727.8792819976807
030102050105,4136,1929,77159999.99999997,2.7762086391448975,4.265036106109619,1.4888274669647217,3.90164024808853,0.39739960060045515,7526.264038562775
030102050108,4141,1830,73199999.99999997,2.7441346645355225,4.326046943664551,1.5819122791290283,3.127906264242579,0.33554735899117316,5724.068463563919
030102030705,4143,22,879999.9999999997,3.9761595726013184,4.019308090209961,0.04314851760864258,3.9967479705810547,0.011874955655769844,87.9284553527832
030102050904,4152,680,27199999.99999999,4.086677551269531,4.9354248046875,0.8487472534179688,4.530512833595276,0.20752268846340519,3080.7487268447876
030102050107,4161,146,5839999.999999998,2.7429182529449463,3.893404483795166,1.1504862308502197,3.073160093124599,0.3373089296798263,448.6813735961914
030102050208,4163,518,20719999.999999993,4.125765800476074,4.96707010269165,0.8413043022155762,4.507747959446263,0.2378950110207359,2335.013442993164
030102030706,4173,907,36279999.999999985,3.748938798904419,4.027395248413086,0.278456449508667,3.8903854821193575,0.055621279220034514,3528.579632282257
030102050907,4174,349,13959999.999999994,3.9942867755889893,4.994396209716797,1.0001094341278076,4.771006833516425,0.29966417688033137,1665.081384897232
030102051407,4178,1880,75199999.99999997,3.2086524963378906,4.246304512023926,1.0376520156860352,3.836996501811007,0.14808266914383028,7213.553423404694
030102050905,4184,1127,45079999.999999985,3.4785397052764893,4.467037200927734,0.9884974956512451,3.744834342040948,0.23307709479306116,4220.428303480148
030102050102,4185,293,11719999.999999996,2.7670440673828125,3.8850340843200684,1.1179900169372559,3.265527102727532,0.29989898091292416,956.7994410991669
030102051406,4186,925,36999999.999999985,3.760183811187744,4.62040901184082,0.8602252006530762,4.062059434426797,0.2951486851243911,3757.4049768447876
030102050906,4188,1362,54479999.99999998,3.4678597450256348,4.178682327270508,0.710822582244873,3.8183029641488924,0.22194454869462701,5200.528637170792
030102051502,4193,1536,61439999.99999998,2.987856388092041,4.607537746429443,1.6196813583374023,3.669776822750767,0.6095854233519515,5636.777199745178
030102050404,4200,233,9319999.999999996,3.252725601196289,4.205198287963867,0.9524726867675781,3.743572258642303,0.24199408017678797,872.2523362636566
030102050406,4211,6398,255919999.9999999,3.5083694458007812,4.972671985626221,1.4643025398254395,4.181249841409536,0.37652675784244477,26751.63648533821
030102050405,4215,407,16279999.999999994,3.639432430267334,4.304173469543457,0.664741039276123,3.877862871132553,0.19921726027667014,1578.290188550949
030102030701,4218,560,22399999.999999993,3.7358598709106445,4.01064395904541,0.2747840881347656,3.897379748736109,0.09019143751933993,2182.532659292221
030102050401,4224,5,199999.99999999994,3.2413129806518555,3.316004753112793,0.0746917724609375,3.271613359451294,0.027244674310493645,16.35806679725647
030102050101,4229,58,2319999.999999999,3.186676025390625,3.665921688079834,0.479245662689209,3.4472124658781906,0.13254528070394245,199.93832302093506
030102051404,4230,1999,79959999.99999997,3.2974038124084473,4.37795352935791,1.080549716949463,3.8452443399090597,0.37471408914695475,7686.64343547821
030102051405,4236,2186,87439999.99999997,3.890432834625244,4.641249656677246,0.750816822052002,4.432664017664219,0.13638508436756946,9689.803542613983
030102050402,4237,1,39999.999999999985,3.4244911670684814,3.4244911670684814,0.0,3.4244911670684814,0.0,3.4244911670684814
030102030702,4253,20,799999.9999999998,3.728489875793457,3.751152515411377,0.022662639617919922,3.7390924453735352,0.0063666992895403006,74.7818489074707
030102050305,4255,1352,54079999.99999998,3.5679571628570557,4.317999839782715,0.7500426769256592,3.9500833081423177,0.27898388839670873,5340.512632608414
030102030605,4271,477,19079999.999999993,3.770087718963623,3.9548468589782715,0.18475914001464844,3.8664285351895185,0.044169595064763166,1844.2864112854004
030102050504,4275,484,19359999.999999993,3.4283909797668457,3.8928065299987793,0.4644155502319336,3.7014489937419732,0.10867394966697631,1791.501312971115
030102051401,4282,512,20479999.999999993,2.7362310886383057,4.2600417137146,1.523810625076294,3.2722648079507053,0.48692604434603604,1675.399581670761
030102051402,4283,14904,596159999.9999998,2.7333343029022217,4.996014595031738,2.2626802921295166,3.5237848336537936,0.5692339602285206,52518.48916077614
030102051403,4284,511,20439999.999999993,4.026926040649414,4.331173419952393,0.3042473793029785,4.303249939547126,0.037997179983295486,2198.9607191085815
030102050503,4285,1049,41959999.999999985,3.514310359954834,4.19210147857666,0.6777911186218262,4.009351797849366,0.20502601204686632,4205.810035943985
030102050709,4310,731,29239999.99999999,2.6499648094177246,3.5229673385620117,0.8730025291442871,2.889418143091058,0.19946077241476007,2112.1646625995636
030102050707,4312,127,5079999.999999998,2.970094680786133,3.530693769454956,0.5605990886688232,3.204776135016614,0.16729048155014964,407.00656914711
030102030603,4315,369,14759999.999999994,3.680393695831299,4.31026029586792,0.6298666000366211,3.8926845772802667,0.2555496170286287,1436.4006090164185
030102050304,4321,482,19279999.999999993,3.4989194869995117,3.74284291267395,0.24392342567443848,3.6841289542028024,0.027857825112473252,1775.7501559257507
030102050303,4328,1,39999.999999999985,3.686835289001465,3.686835289001465,0.0,3.686835289001465,0.0,3.686835289001465
030102050502,4331,49,1959999.9999999993,3.863769292831421,4.064444541931152,0.20067524909973145,3.9465609715909373,0.06796730078471398,193.38148760795593
030102050708,4358,1677,67079999.99999998,2.751723289489746,3.397176504135132,0.6454532146453857,3.0351200160627645,0.19336263509535798,5089.896266937256
030102050706,4362,109,4359999.999999998,3.3901941776275635,3.5614843368530273,0.17129015922546387,3.4572645196127234,0.04806149996237145,376.84183263778687
030102051003,4367,2213,88519999.99999997,2.7338905334472656,3.4058752059936523,0.6719846725463867,2.9947711587544754,0.1578749922363462,6627.428574323654
030102051306,4375,4767,190679999.99999994,2.9529833793640137,4.314690113067627,1.3617067337036133,3.4660965633612397,0.24479737049342165,16522.88231754303
030102030504,4376,2,79999.99999999997,4.304230690002441,4.30458927154541,0.00035858154296875,4.304409980773926,0.000179290771484375,8.608819961547852
030102051002,4395,490,19599999.999999993,2.967625617980957,3.6486542224884033,0.6810286045074463,3.396192835301769,0.12511492827831025,1664.1344892978668
030102051001,4412,33,1319999.9999999995,3.5478949546813965,3.6252894401550293,0.07739448547363281,3.585189812111132,0.023400662267587084,118.31126379966736
030102051106,4430,37,1479999.9999999995,3.804408550262451,3.823477029800415,0.019068479537963867,3.8155635176478206,0.0047757550621494,141.17585015296936
030102051107,4431,140,5599999.999999998,3.8123443126678467,3.848461627960205,0.0361173152923584,3.824941607883998,0.008802542590686213,535.4918251037598
030102051305,4432,3275,130999999.99999996,2.9804134368896484,3.5485572814941406,0.5681438446044922,3.382486185991127,0.13976171025450224,11077.642259120941
030102051105,4444,5,199999.99999999994,3.8259711265563965,3.846318244934082,0.020347118377685547,3.835676336288452,0.0068840030244686,19.17838168144226
030102051108,4457,206,8239999.999999997,3.7889089584350586,3.9203124046325684,0.13140344619750977,3.8593191058890333,0.033070115606114205,795.0197358131409
030102051207,4459,1874,74959999.99999997,3.2000083923339844,3.91829776763916,0.7182893753051758,3.557679514747546,0.23228537405707447,6667.091410636902
030102051304,4462,2673,106919999.99999996,3.2000575065612793,3.774631977081299,0.5745744705200195,3.3461646402189893,0.09643392307602082,8944.298083305359
030102051104,4487,115,4599999.999999998,3.7518677711486816,3.9021430015563965,0.15027523040771484,3.838306300536446,0.0379308627355904,441.4052245616913
030102051206,4492,437,17479999.999999993,3.905388832092285,3.98004150390625,0.07465267181396484,3.9552823684308294,0.013933037831453018,1728.4583950042725
030102051205,4515,301,12039999.999999996,3.74796199798584,3.9493608474731445,0.2013988494873047,3.88358651126342,0.050762480460055694,1168.9595398902893
030102051303,4532,3006,120239999.99999996,3.518160820007324,3.9349355697631836,0.4167747497558594,3.8634591314369096,0.06941978663719593,11613.55814909935
030102051302,4553,684,27359999.99999999,3.6884236335754395,3.9252219200134277,0.23679828643798828,3.8990950316016435,0.03756686383413179,2666.9810016155243
030102051201,4559,3,119999.99999999996,2.070084571838379,2.0707478523254395,0.0006632804870605469,2.0704122384389243,0.00027084143005145643,6.2112367153167725
030102051301,4582,212,8479999.999999996,3.1373119354248047,3.90049409866333,0.7631821632385254,3.527798632405839,0.27187991091293057,747.8933100700378
020802080201,4619,53,2119999.999999999,2.0685596466064453,2.0731072425842285,0.004547595977783203,2.0699718763243475,0.0011016831051955253,109.70850944519043
020802080204,4627,2,79999.99999999997,2.7018027305603027,2.731171131134033,0.02936840057373047,2.716486930847168,0.014684200286865234,5.432973861694336
020801080201,4640,35,1399999.9999999995,3.13236665725708,3.13740873336792,0.005042076110839844,3.1356615815843853,0.0010884216413150566,109.74815535545349
030702050203,4671,145,5799999.999999998,3.2522571086883545,3.735619068145752,0.48336195945739746,3.482135200500488,0.11677957161469699,504.9096040725708
030702011203,4684,128,5119999.999999998,2.5968050956726074,2.7080893516540527,0.11128425598144531,2.6438265964388847,0.03512048967582302,338.40980434417725
030702011204,4685,3120,124799999.99999996,2.5047144889831543,3.3334741592407227,0.8287596702575684,2.8627668956151378,0.23387912602164418,8931.83271431923
030602040606,4691,916,36639999.999999985,2.179257869720459,3.2273852825164795,1.0481274127960205,2.626061561846837,0.277916441803887,2405.472390651703
030602040604,4693,2429,97159999.99999997,2.4000651836395264,3.4155170917510986,1.0154519081115723,2.7318874543073393,0.3082122157659848,6635.7546265125275
030602040603,4694,940,37599999.999999985,2.988399028778076,3.6548192501068115,0.6664202213287354,3.424295827682982,0.16529351787545396,3218.838078022003
030602040605,4696,2257,90279999.99999997,2.324944496154785,3.586714506149292,1.2617700099945068,2.7574868885669024,0.28083078452181753,6223.647907495499
030602020606,4699,812,32479999.99999999,2.4046077728271484,2.9289112091064453,0.5243034362792969,2.798422157177197,0.09474274941950599,2272.318791627884
030601090503,4701,392,15679999.999999994,3.4475436210632324,3.6625442504882812,0.21500062942504883,3.572357783512193,0.04500165621081413,1400.3642511367798
030601090501,4703,1652,66079999.99999998,2.803800582885742,3.5988409519195557,0.7950403690338135,3.2481859111324063,0.1522114814628044,5366.003125190735
030601090502,4707,717,28679999.99999999,2.8036651611328125,3.4488823413848877,0.6452171802520752,2.953152451721362,0.17142696640988958,2117.4103078842163
